날짜,남컨물동량,남해2지선_가락IC-서부산TG_lag0,중앙선_대동IC-초정IC_lag10,부산신항선_진해IC-남문대교_lag0
2022-01-01,-1493.3599999999997,-3879.738953974895,5276.5309663865555,-225.68114427860695
2022-01-02,-4395.073619631902,-2654.7918487394954,4968.4902109704635,5.652189054726364
2022-01-03,-3463.92,-6090.475840336135,5248.76525210084,-89.80178217821776
2022-01-04,-2779.3207547169814,-5982.112008368201,4922.673924050632,-11.793663366336773
2022-01-05,-4608.242574257426,-5754.9712658227845,2319.5018907563026,9.63724137931024
2022-01-06,495.8350515463917,-5919.293403361345,533.268193277311,-69.8150495049506
2022-01-07,1340.134831460674,-5631.797647058824,5097.35552742616,-15.900099999999952
2022-01-08,-5396.36,-3879.738953974895,5256.480966386554,6.918855721393072
2022-01-09,-2847.073619631902,-2654.7918487394954,5340.570210970465,33.81218905472636
2022-01-10,6690.08,-6090.475840336135,5067.965252100839,21.10821782178232
2022-01-11,375.67924528301864,-5982.112008368201,5096.083924050632,18.346336633663213
2022-01-12,369.757425742574,-5754.9712658227845,2566.051890756303,78.8172413793103
2022-01-13,-644.1649484536083,-5919.293403361345,582.3181932773109,-5.795049504950612
2022-01-14,-3285.865168539326,-5631.797647058824,5738.20552742616,-5.270099999999957
2022-01-15,285.6400000000003,-3879.738953974895,5764.140966386554,-4.731144278606962
2022-01-16,486.92638036809785,-2654.7918487394954,5891.860210970464,32.682189054726365
2022-01-17,-5041.92,-6090.475840336135,5542.92525210084,21.348217821782328
2022-01-18,-4310.320754716981,-5982.112008368201,4837.653924050634,2.8563366336632043
2022-01-19,-4217.242574257426,-5754.9712658227845,2277.1618907563025,-45.59275862068978
2022-01-20,-1367.1649484536083,-5919.293403361345,456.408193277311,9.154950495049434
2022-01-21,4201.134831460674,-5631.797647058824,-1770.2644725738396,48.809900000000084
2022-01-22,-1033.3599999999997,-3879.738953974895,-2905.7590336134454,58.34885572139308
2022-01-23,1216.9263803680979,-2654.7918487394954,-1900.1997890295356,1.722189054726364
2022-01-24,-1592.92,-6090.475840336135,3160.7152521008397,129.94821782178224
2022-01-25,2363.6792452830186,-5982.112008368201,4539.563924050633,91.41633663366315
2022-01-26,-4221.242574257426,-5754.9712658227845,2263.0418907563026,211.52724137931034
2022-01-27,1638.8350515463917,-5919.293403361345,622.228193277311,100.56495049504952
2022-01-28,-486.8651685393261,-5631.797647058824,5169.84552742616,-45.91009999999994
2022-01-29,-1804.3599999999997,-3879.738953974895,5446.710966386554,-51.86114427860693
2022-01-30,-229.07361963190215,-2654.7918487394954,5239.710210970465,-12.317810945273635
2022-01-31,-4802.92,-6090.475840336135,5322.615252100839,-826.9717821782177
2022-02-01,-3342.3207547169814,-5982.112008368201,4836.643924050633,-977.4636633663367
2022-02-02,-4939.242574257426,-5754.9712658227845,2374.9918907563024,-917.1227586206898
2022-02-03,125.8350515463917,-5919.293403361345,659.718193277311,-228.62504950495054
2022-02-04,-2597.865168539326,-5631.797647058824,5282.395527426161,21.139900000000125
2022-02-05,114.64000000000033,-3879.738953974895,5228.080966386555,54.17885572139306
2022-02-06,-5637.073619631902,-2654.7918487394954,4785.000210970464,36.152189054726364
2022-02-07,2122.08,-6090.475840336135,5088.785252100839,119.40821782178227
2022-02-08,-2078.3207547169814,-5982.112008368201,5004.433924050632,161.2363366336633
2022-02-09,-3255.242574257426,-5754.9712658227845,2213.4918907563024,47.577241379310294
2022-02-10,-3938.1649484536083,-5919.293403361345,578.018193277311,106.16495049504942
2022-02-11,-790.8651685393261,-5631.797647058824,5398.4255274261595,82.45990000000018
2022-02-12,1192.6400000000003,-3879.738953974895,5362.270966386555,1339.268855721393
2022-02-13,-1882.0736196319021,-2654.7918487394954,5375.420210970466,55.50218905472636
2022-02-14,-1546.92,-6090.475840336135,5720.3552521008405,211.17821782178237
2022-02-15,-2320.3207547169814,-5982.112008368201,5637.093924050632,34.64633663366317
2022-02-16,3075.757425742574,-5754.9712658227845,3364.221890756303,85.51724137931035
2022-02-17,-1210.1649484536083,-5919.293403361345,748.3381932773109,72.50495049504934
2022-02-18,-200.86516853932608,-5631.797647058824,5565.70552742616,118.0399000000001
2022-02-19,-1329.3599999999997,-3879.738953974895,392.19096638655446,-38.69114427860694
2022-02-20,2535.926380368098,-2654.7918487394954,4699.390210970465,1.1621890547263618
2022-02-21,-2738.92,-6090.475840336135,6115.865252100839,49.83821782178222
2022-02-22,3348.6792452830186,-5982.112008368201,5739.973924050633,-13.403663366336787
2022-02-23,979.757425742574,-5754.9712658227845,2413.191890756302,32.97724137931027
2022-02-24,-2191.1649484536083,-5919.293403361345,748.6281932773109,69.74495049504935
2022-02-25,-3521.865168539326,-5631.797647058824,6116.62552742616,65.75990000000013
2022-02-26,4614.64,-3879.738953974895,5900.770966386555,84.17885572139306
2022-02-27,-3287.073619631902,-2654.7918487394954,336.20021097046447,20.102189054726367
2022-02-28,9.079999999999927,-6090.475840336135,5446.34525210084,43.26821782178229
2022-03-01,-4069.3207547169814,-5982.112008368201,6417.123924050633,-687.3436633663367
2022-03-02,-2873.242574257426,-5754.9712658227845,3647.061890756303,14.487241379310262
2022-03-03,3462.8350515463917,-5919.293403361345,641.0681932773109,110.00495049504934
2022-03-04,-2043.865168539326,-5631.797647058824,5187.235527426161,164.61990000000003
2022-03-05,200.64000000000033,-3879.738953974895,5689.730966386554,77.75885572139305
2022-03-06,2607.926380368098,-2654.7918487394954,5590.410210970465,33.182189054726365
2022-03-07,-889.9200000000001,-6090.475840336135,5634.51525210084,244.67821782178237
2022-03-08,-1022.3207547169814,-5982.112008368201,4385.123924050633,120.92633663366337
2022-03-09,359.757425742574,-5754.9712658227845,1731.4518907563026,-704.1027586206897
2022-03-10,-498.1649484536083,-5919.293403361345,514.6381932773108,86.02495049504932
2022-03-11,-3192.865168539326,-5631.797647058824,5497.46552742616,195.42989999999998
2022-03-12,4567.64,-3879.738953974895,5602.340966386555,44.38885572139304
2022-03-13,-2756.073619631902,-2654.7918487394954,5479.250210970466,-8.777810945273636
2022-03-14,5131.08,-6090.475840336135,5538.93525210084,28.30821782178225
2022-03-15,-5544.320754716981,-5982.112008368201,5749.303924050633,19.696336633663236
2022-03-16,-1061.242574257426,-5754.9712658227845,1837.7318907563024,-1.232758620689765
2022-03-17,2466.8350515463917,-5919.293403361345,590.6381932773108,-70.85504950495056
2022-03-18,-3607.865168539326,-5631.797647058824,5380.825527426159,-142.3300999999999
2022-03-19,-3063.3599999999997,-3879.738953974895,5519.950966386554,-100.05114427860696
2022-03-20,1439.9263803680979,-2654.7918487394954,5218.0802109704655,-13.877810945273637
2022-03-21,5112.08,-6090.475840336135,5157.74525210084,49.82821782178223
2022-03-22,-1093.3207547169814,-5982.112008368201,5043.083924050634,17.166336633663263
2022-03-23,-1021.242574257426,-5754.9712658227845,1656.4918907563026,-15.432758620689697
2022-03-24,119.8350515463917,-5919.293403361345,570.018193277311,-36.36504950495055
2022-03-25,82.13483146067392,-5631.797647058824,5365.3855274261605,-72.32009999999991
2022-03-26,-1251.3599999999997,-3879.738953974895,5259.040966386554,-62.37114427860695
2022-03-27,-1364.0736196319021,-2654.7918487394954,4988.850210970464,-5.6678109452736365
2022-03-28,-580.9200000000001,-6090.475840336135,4824.99525210084,19.028217821782277
2022-03-29,57.679245283018645,-5982.112008368201,5132.953924050633,13.896336633663282
2022-03-30,974.757425742574,-5754.9712658227845,2765.9518907563024,-71.69275862068969
2022-03-31,-4465.164948453608,-5919.293403361345,666.6581932773108,-129.2950495049506
2022-04-01,-1056.865168539326,-5631.797647058824,5200.985527426161,1.8099000000000842
2022-04-02,-633.3599999999997,-3879.738953974895,5590.870966386554,-35.291144278606936
2022-04-03,5460.926380368098,-2654.7918487394954,5608.150210970465,-4.027810945273636
2022-04-04,-5156.92,-6090.475840336135,5449.305252100839,47.45821782178223
2022-04-05,-1807.3207547169814,-5982.112008368201,5017.773924050633,97.12633663366319
2022-04-06,3999.757425742574,-5754.9712658227845,2567.141890756302,42.14724137931023
2022-04-07,-117.1649484536083,-5919.293403361345,912.218193277311,5.664950495049425
2022-04-08,-2437.865168539326,-5631.797647058824,5723.3855274261605,-12.670099999999934
2022-04-09,-1901.3599999999997,-3879.738953974895,5546.890966386554,-20.481144278606962
2022-04-10,-639.0736196319021,-2654.7918487394954,5166.310210970465,8.462189054726366
2022-04-11,1125.08,-6090.475840336135,5043.115252100839,45.65821782178227
2022-04-12,2604.6792452830186,-5982.112008368201,5030.003924050632,20.54633663366326
2022-04-13,-2026.242574257426,-5754.9712658227845,2629.4018907563022,-65.96275862068967
2022-04-14,-1970.1649484536083,-5919.293403361345,729.4481932773108,-71.63504950495053
2022-04-15,-1116.865168539326,-5631.797647058824,5551.69552742616,42.149900000000116
2022-04-16,583.6400000000003,-3879.738953974895,4098.920966386555,32.75885572139305
2022-04-17,2234.926380368098,-2654.7918487394954,3978.700210970464,6.202189054726361
2022-04-18,1892.08,-6090.475840336135,4313.92525210084,113.47821782178232
2022-04-19,902.6792452830186,-5982.112008368201,3394.943924050633,55.94633663366335
2022-04-20,-698.242574257426,-5754.9712658227845,1505.4618907563024,73.38724137931024
2022-04-21,-795.1649484536083,-5919.293403361345,445.048193277311,54.85495049504948
2022-04-22,-1479.865168539326,-5631.797647058824,4285.555527426161,41.45990000000006
2022-04-23,-1966.3599999999997,-3879.738953974895,4524.990966386555,28.34885572139308
2022-04-24,-1625.0736196319021,-2654.7918487394954,4407.910210970464,3.44218905472637
2022-04-25,-3482.92,-6090.475840336135,202.00525210084015,-2.341782178217727
2022-04-26,1120.6792452830186,-5982.112008368201,3279.3039240506328,-175.9936633663367
2022-04-27,-4081.242574257426,-5754.9712658227845,1411.9218907563024,-12.252758620689747
2022-04-28,-3443.1649484536083,-5919.293403361345,455.0181932773109,33.71495049504938
2022-04-29,1048.134831460674,-5631.797647058824,3692.3555274261603,-153.4600999999999
2022-04-30,-3197.3599999999997,-3879.738953974895,3690.970966386554,-60.19114427860694
2022-05-01,-2484.073619631902,-2654.7918487394954,3660.4202109704643,0.5821890547263635
2022-05-02,-2911.92,-6090.475840336135,3885.94525210084,-61.64178217821768
2022-05-03,-1366.3207547169814,-5982.112008368201,3611.4539240506333,29.3763366336633
2022-05-05,10533.835051546392,-5919.293403361345,525.6381932773108,-767.7350495049506
2022-05-06,-152.86516853932608,-5631.797647058824,3731.4855274261604,-67.68009999999992
2022-05-07,1412.6400000000003,-3879.738953974895,4041.0309663865546,-38.49114427860695
2022-05-08,-599.0736196319021,-2654.7918487394954,3889.0102109704644,-11.437810945273633
2022-05-09,-321.9200000000001,-6090.475840336135,3960.60525210084,23.28821782178227
2022-05-10,-4212.320754716981,-5982.112008368201,3826.7839240506332,88.5063366336633
2022-05-11,-3100.242574257426,-5754.9712658227845,1832.3618907563025,-2.332758620689674
2022-05-12,-3900.1649484536083,-5919.293403361345,628.7881932773109,-70.8150495049506
2022-05-13,3547.134831460674,-5631.797647058824,4780.44552742616,-58.5800999999999
2022-05-14,-4053.3599999999997,-3879.738953974895,5030.6909663865545,-65.36114427860693
2022-05-15,-4359.073619631902,-2654.7918487394954,5098.850210970464,5.412189054726369
2022-05-16,-4303.92,-6090.475840336135,4629.195252100841,27.238217821782314
2022-05-17,4598.679245283019,-5982.112008368201,4549.883924050633,-19.663663366336777
2022-05-18,-3445.242574257426,-5754.9712658227845,2765.021890756303,-30.432758620689697
2022-05-19,3501.8350515463917,-5919.293403361345,782.738193277311,-45.17504950495061
2022-05-20,315.1348314606739,-5631.797647058824,4201.985527426161,-77.36009999999987
2022-05-21,-2174.3599999999997,-3879.738953974895,4732.290966386555,-25.961144278606923
2022-05-22,2210.926380368098,-2654.7918487394954,930.1902109704642,28.872189054726363
2022-05-23,142.07999999999993,-6090.475840336135,4506.385252100839,29.79821782178226
2022-05-24,993.6792452830186,-5982.112008368201,5235.483924050632,33.09633663366321
2022-05-25,-2420.242574257426,-5754.9712658227845,3095.0918907563027,47.99724137931037
2022-05-26,-1811.1649484536083,-5919.293403361345,639.8281932773109,-1.4750495049505616
2022-05-27,6869.134831460674,-5631.797647058824,748.9155274261607,0.659900000000107
2022-05-28,-3347.3599999999997,-3879.738953974895,1984.6909663865545,-23.551144278606955
2022-05-29,508.92638036809785,-2654.7918487394954,2028.0502109704644,41.31218905472636
2022-05-30,-1908.92,-6090.475840336135,1954.7452521008404,-50.501782178217695
2022-05-31,2988.6792452830186,-5982.112008368201,1741.2539240506326,-31.63366336633669
2022-06-01,-1907.242574257426,-5754.9712658227845,1284.8418907563025,-721.7227586206898
2022-06-02,-436.1649484536083,-5919.293403361345,516.3681932773109,128.1849504950494
2022-06-03,-1951.865168539326,-5631.797647058824,2007.05552742616,285.50990000000013
2022-06-04,-2716.3599999999997,-3879.738953974895,1599.460966386555,207.55885572139306
2022-06-05,-1713.0736196319021,-2654.7918487394954,3539.2102109704642,-3.027810945273636
2022-06-06,-1860.92,-6090.475840336135,5187.99525210084,-568.2617821782178
2022-06-07,-1472.3207547169814,-5982.112008368201,5091.263924050632,-561.3536633663367
2022-06-08,-2775.242574257426,-5754.9712658227845,2787.811890756303,-478.08275862068973
2022-06-09,-3700.1649484536083,-5919.293403361345,995.0381932773109,-517.7450495049505
2022-06-10,-4497.865168539326,-5631.797647058824,5015.305527426161,-436.53009999999995
2022-06-11,1454.6400000000003,-3879.738953974895,5294.050966386554,-71.16114427860694
2022-06-12,-1330.0736196319021,-2654.7918487394954,5151.100210970464,44.86218905472636
2022-06-13,-1067.92,-6090.475840336135,5188.885252100839,-359.6217821782177
2022-06-14,-1701.3207547169814,-5982.112008368201,3675.0839240506334,-482.77366336633673
2022-06-15,-3717.242574257426,-5754.9712658227845,2223.261890756303,-113.95275862068968
2022-06-16,686.8350515463917,-5919.293403361345,721.1781932773108,156.73495049504936
2022-06-17,511.1348314606739,-5631.797647058824,4161.405527426161,71.24990000000014
2022-06-18,-455.3599999999997,-3879.738953974895,4626.9009663865545,152.46885572139308
2022-06-19,1500.9263803680979,-2654.7918487394954,4272.150210970465,17.94218905472637
2022-06-20,-2726.92,-6090.475840336135,4256.215252100839,115.11821782178231
2022-06-21,-2641.3207547169814,-5982.112008368201,4499.713924050633,107.95633663366334
2022-06-22,-4845.242574257426,-5754.9712658227845,2368.941890756302,153.8272413793103
2022-06-23,3039.8350515463917,-5919.293403361345,801.5581932773109,115.46495049504938
2022-06-25,5898.64,-3879.738953974895,4623.1109663865545,56.978855721393074
2022-06-26,-1964.0736196319021,-2654.7918487394954,4269.900210970465,12.42218905472636
2022-06-27,221.07999999999993,-6090.475840336135,4664.51525210084,54.14821782178228
2022-06-28,775.6792452830186,-5982.112008368201,4576.343924050632,14.096336633663213
2022-06-29,-5615.242574257426,-5754.9712658227845,1960.5318907563026,22.167241379310326
2022-06-30,2813.8350515463917,-5919.293403361345,645.1881932773108,3.3549504950494793
2022-07-01,-2271.865168539326,-5631.797647058824,3865.3755274261607,56.559900000000084
2022-07-02,-3265.3599999999997,-3879.738953974895,4332.1109663865545,21.11885572139306
2022-07-03,347.92638036809785,-2654.7918487394954,4581.220210970465,19.19218905472637
2022-07-05,1981.6792452830186,-5982.112008368201,4608.343924050632,36.83633663366322
2022-07-06,1151.757425742574,-5754.9712658227845,1866.5418907563023,-605.8127586206897
2022-07-08,-1085.865168539326,-5631.797647058824,3126.6655274261607,-606.7401
2022-07-09,-588.3599999999997,-3879.738953974895,4240.990966386555,-6.291144278606964
2022-07-10,-3349.073619631902,-2654.7918487394954,4023.320210970465,-2.337810945273638
2022-07-11,4409.08,-6090.475840336135,4214.7252521008395,8.358217821782318
2022-07-12,306.67924528301864,-5982.112008368201,4878.223924050633,-23.903663366336787
2022-07-13,-484.242574257426,-5754.9712658227845,2026.2218907563026,-49.45275862068968
2022-07-14,-526.1649484536083,-5919.293403361345,600.278193277311,-69.0550495049506
2022-07-15,-4215.865168539326,-5631.797647058824,4262.29552742616,-29.47009999999989
2022-07-16,-506.3599999999997,-3879.738953974895,4967.830966386555,11.148855721393033
2022-07-17,1112.9263803680979,-2654.7918487394954,4634.010210970464,29.362189054726358
2022-07-18,-721.9200000000001,-6090.475840336135,4424.365252100841,-67.92178217821777
2022-07-19,1322.6792452830186,-5982.112008368201,3844.863924050633,-32.17366336633677
2022-07-20,-2983.242574257426,-5754.9712658227845,1428.0818907563023,-30.562758620689692
2022-07-21,-653.1649484536083,-5919.293403361345,593.238193277311,-67.3150495049506
2022-07-22,1521.134831460674,-5631.797647058824,2259.22552742616,34.93990000000008
2022-07-23,8430.64,-3879.738953974895,2484.8509663865543,38.01885572139304
2022-07-24,-1808.0736196319021,-2654.7918487394954,1974.5502109704644,5.662189054726369
2022-07-26,-1674.3207547169814,-5982.112008368201,2412.823924050633,-29.833663366336737
2022-07-27,-3920.242574257426,-5754.9712658227845,1265.3218907563025,91.13724137931024
2022-07-28,2920.8350515463917,-5919.293403361345,710.1481932773108,92.10495049504948
2022-07-29,-660.8651685393261,-5631.797647058824,3945.5255274261604,3.2799000000001115
2022-07-30,-3623.3599999999997,-3879.738953974895,4448.530966386555,17.928855721393063
2022-07-31,-3999.073619631902,-2654.7918487394954,4448.4902109704635,18.962189054726366
2022-08-01,-3315.92,-6090.475840336135,4046.7452521008404,-273.0417821782178
2022-08-02,-4969.320754716981,-5982.112008368201,3830.273924050633,-304.8636633663367
2022-08-03,6141.757425742574,-5754.9712658227845,2019.5818907563023,-369.64275862068973
2022-08-04,-959.1649484536083,-5919.293403361345,493.19819327731096,-338.5650495049506
2022-08-05,-758.8651685393261,-5631.797647058824,214.55552742616055,-294.9500999999999
2022-08-06,-1795.3599999999997,-3879.738953974895,3601.300966386555,-84.17114427860693
2022-08-07,-285.07361963190215,-2654.7918487394954,3458.1502109704647,-2.327810945273633
2022-08-08,-2611.92,-6090.475840336135,4303.025252100841,-345.33178217821774
2022-08-09,-3376.3207547169814,-5982.112008368201,4699.463924050633,-173.3936633663368
2022-08-10,496.757425742574,-5754.9712658227845,2149.511890756303,-181.8027586206897
2022-08-11,-4736.164948453608,-5919.293403361345,621.778193277311,-184.23504950495055
2022-08-13,-765.3599999999997,-3879.738953974895,4704.710966386555,6.408855721393081
2022-08-14,-2632.073619631902,-2654.7918487394954,3736.5102109704644,-7.1578109452736385
2022-08-15,-4185.92,-6090.475840336135,4543.8552521008405,-611.8517821782177
2022-08-16,3787.6792452830186,-5982.112008368201,4698.963924050633,-202.53366336633678
2022-08-17,-1469.242574257426,-5754.9712658227845,2112.471890756303,-50.14275862068973
2022-08-18,-5222.164948453608,-5919.293403361345,670.028193277311,35.46495049504938
2022-08-19,1271.134831460674,-5631.797647058824,4550.77552742616,-43.07009999999991
2022-08-20,-1993.3599999999997,-3879.738953974895,4476.950966386555,-23.001144278606944
2022-08-21,249.92638036809785,-2654.7918487394954,3505.2102109704642,-1.797810945273639
2022-08-22,-3492.92,-6090.475840336135,3221.7152521008397,-33.491782178217704
2022-08-23,9729.67924528302,-5982.112008368201,4023.183924050633,-50.743663366336705
2022-08-24,-1811.242574257426,-5754.9712658227845,2249.641890756302,-106.53275862068972
2022-08-25,-4537.164948453608,-5919.293403361345,632.8381932773109,-11.055049504950603
2022-08-26,1394.134831460674,-5631.797647058824,1689.84552742616,-35.29009999999994
2022-08-27,792.6400000000003,-3879.738953974895,-102.97903361344515,33.62885572139305
2022-08-28,782.9263803680979,-2654.7918487394954,4663.210210970465,-14.417810945273636
2022-08-29,3896.08,-6090.475840336135,3671.26525210084,-39.8717821782177
2022-08-30,-1436.3207547169814,-5982.112008368201,-1539.336075949367,-39.53366336633678
2022-08-31,-224.24257425742599,-5754.9712658227845,-1135.3781092436975,-146.00275862068975
2022-09-01,-2727.1649484536083,-5919.293403361345,-47.791806722689046,-129.07504950495058
2022-09-02,3879.134831460674,-5631.797647058824,-1414.0744725738396,-52.09009999999989
2022-09-03,-1772.3599999999997,-3879.738953974895,3116.590966386555,-8.981144278606962
2022-09-04,-470.07361963190215,-2654.7918487394954,4369.510210970464,-13.347810945273636
2022-09-07,-4079.242574257426,-5754.9712658227845,2063.6218907563025,31.1972413793103
2022-09-08,-1671.1649484536083,-5919.293403361345,730.478193277311,-161.85504950495056
2022-09-09,-209.86516853932608,-5631.797647058824,1729.4655274261609,-915.6800999999999
2022-09-10,-4216.36,-3879.738953974895,4493.1509663865545,-271.98114427860696
2022-09-11,-4096.073619631902,-2654.7918487394954,4698.7002109704645,-33.537810945273634
2022-09-12,3447.08,-6090.475840336135,4537.83525210084,-785.2517821782177
2022-09-13,1178.6792452830186,-5982.112008368201,4821.023924050633,-233.33366336633674
2022-09-14,660.757425742574,-5754.9712658227845,2233.8418907563027,62.28724137931033
2022-09-15,-4794.164948453608,-5919.293403361345,722.1381932773108,-10.225049504950562
2022-09-16,1735.134831460674,-5631.797647058824,4612.3855274261605,-48.25009999999986
2022-09-17,-3111.3599999999997,-3879.738953974895,4492.740966386555,-25.65114427860692
2022-09-20,-2887.3207547169814,-5982.112008368201,4255.433924050632,-36.3736633663367
2022-09-21,4639.757425742574,-5754.9712658227845,1910.7918907563023,-46.482758620689765
2022-09-22,-293.1649484536083,-5919.293403361345,446.94819327731096,244.89495049504944
2022-09-23,925.1348314606739,-5631.797647058824,129.2455274261606,14.76990000000012
2022-09-24,3515.6400000000003,-3879.738953974895,3879.2009663865547,3.9788557213930744
2022-09-25,-1985.0736196319021,-2654.7918487394954,4209.140210970465,2.69218905472637
2022-09-26,687.0799999999999,-6090.475840336135,4187.01525210084,15.828217821782232
2022-09-27,-1649.3207547169814,-5982.112008368201,4417.7339240506335,-20.85366336633672
2022-09-28,2076.757425742574,-5754.9712658227845,2034.1118907563025,51.60724137931027
2022-09-29,782.8350515463917,-5919.293403361345,619.1681932773108,-18.71504950495057
2022-09-30,-2810.865168539326,-5631.797647058824,25.085527426160297,-29.010099999999966
2022-10-01,-4460.36,-3879.738953974895,3743.130966386555,-23.68114427860695
2022-10-02,3200.926380368098,-2654.7918487394954,4493.040210970465,-12.997810945273635
2022-10-03,-2934.92,-6090.475840336135,4259.545252100841,-636.4717821782177
2022-10-04,1106.6792452830186,-5982.112008368201,4567.183924050632,-184.2336633663367
2022-10-05,-593.242574257426,-5754.9712658227845,2113.9118907563025,25.497241379310253
2022-10-06,-5785.164948453608,-5919.293403361345,1001.6481932773108,-67.88504950495053
2022-10-07,-1708.865168539326,-5631.797647058824,4023.8355274261608,11.029900000000112
2022-10-08,-285.3599999999997,-3879.738953974895,4280.210966386555,6.778855721393086
2022-10-09,-1276.0736196319021,-2654.7918487394954,3911.4802109704647,0.7321890547263621
2022-10-10,1144.08,-6090.475840336135,4284.75525210084,-663.9717821782177
2022-10-11,-2317.3207547169814,-5982.112008368201,4250.793924050633,-164.72366336633672
2022-10-12,7715.757425742574,-5754.9712658227845,2044.9718907563026,20.737241379310262
2022-10-13,-2784.1649484536083,-5919.293403361345,919.028193277311,-35.4350495049506
2022-10-15,-4901.36,-3879.738953974895,4331.220966386554,-22.09114427860692
2022-10-16,4250.926380368098,-2654.7918487394954,4200.750210970464,0.5721890547263655
2022-10-17,-1620.92,-6090.475840336135,4179.805252100839,-32.77178217821768
2022-10-18,-5677.320754716981,-5982.112008368201,4006.903924050633,39.616336633663195
2022-10-19,3491.757425742574,-5754.9712658227845,1767.2518907563024,30.46724137931028
2022-10-20,-656.1649484536083,-5919.293403361345,713.018193277311,-43.88504950495053
2022-10-21,1780.134831460674,-5631.797647058824,3810.4555274261606,-81.40009999999995
2022-10-22,-383.3599999999997,-3879.738953974895,4241.490966386555,-70.08114427860693
2022-10-23,-1785.0736196319021,-2654.7918487394954,3956.2102109704642,-12.237810945273637
2022-10-24,821.0799999999999,-6090.475840336135,3958.48525210084,-4.561782178217754
2022-10-25,-710.3207547169814,-5982.112008368201,3865.0839240506334,-54.6236633663367
2022-10-26,2686.757425742574,-5754.9712658227845,1363.6518907563025,-48.37275862068975
2022-10-27,-5119.164948453608,-5919.293403361345,575.3381932773109,-38.79504950495061
2022-10-28,-121.86516853932608,-5631.797647058824,3868.34552742616,-109.87009999999987
2022-10-29,-3319.3599999999997,-3879.738953974895,4344.390966386554,-69.41114427860694
2022-10-30,2027.9263803680979,-2654.7918487394954,4164.4902109704635,-15.667810945273636
2022-10-31,-184.92000000000007,-6090.475840336135,4004.18525210084,-79.3717821782177
2022-11-01,2256.6792452830186,-5982.112008368201,3811.4939240506333,-120.78366336633678
2022-11-02,-643.242574257426,-5754.9712658227845,1478.8818907563025,-109.25275862068975
2022-11-03,2180.8350515463917,-5919.293403361345,556.6181932773109,-38.74504950495054
2022-11-04,2368.134831460674,-5631.797647058824,4008.2855274261606,-124.87009999999987
2022-11-05,802.6400000000003,-3879.738953974895,4220.560966386554,-80.29114427860694
2022-11-06,-4745.073619631902,-2654.7918487394954,4372.320210970465,-4.097810945273636
2022-11-07,1797.08,-6090.475840336135,4366.00525210084,-59.43178217821776
2022-11-08,-3174.3207547169814,-5982.112008368201,4265.283924050633,-75.44366336633675
2022-11-09,-2383.242574257426,-5754.9712658227845,2183.221890756303,-60.912758620689715
2022-11-10,2012.8350515463917,-5919.293403361345,1056.728193277311,-83.04504950495061
2022-11-11,-4623.865168539326,-5631.797647058824,4681.335527426161,-83.77009999999996
2022-11-12,-799.3599999999997,-3879.738953974895,4643.780966386555,-51.251144278606944
2022-11-13,5026.926380368098,-2654.7918487394954,5566.030210970464,18.152189054726364
2022-11-14,-850.9200000000001,-6090.475840336135,2679.63525210084,-29.331782178217736
2022-11-15,-1793.3207547169814,-5982.112008368201,1514.853924050633,-25.403663366336787
2022-11-16,-907.242574257426,-5754.9712658227845,966.1418907563022,25.257241379310244
2022-11-17,1438.8350515463917,-5919.293403361345,380.09819327731094,0.9749504950494838
2022-11-18,2781.134831460674,-5631.797647058824,1746.9655274261609,74.77990000000011
2022-11-19,-4688.36,-3879.738953974895,1686.5309663865546,37.79885572139307
2022-11-20,-1220.0736196319021,-2654.7918487394954,1877.4702109704644,14.072189054726365
2022-11-21,2946.08,-6090.475840336135,2170.7052521008404,300.19821782178235
2022-11-22,-2605.3207547169814,-5982.112008368201,2155.5439240506334,352.4863366336633
2022-11-23,2256.757425742574,-5754.9712658227845,1109.8918907563022,434.2072413793102
2022-11-24,1738.8350515463917,-5919.293403361345,593.1681932773108,-465.8250495049506
2022-11-25,-2368.865168539326,-5631.797647058824,2602.7755274261604,-547.2900999999999
2022-11-26,-1936.3599999999997,-3879.738953974895,3089.720966386554,-134.27114427860695
2022-11-27,5367.926380368098,-2654.7918487394954,3378.5502109704644,-0.5678109452736351
2022-11-28,-2152.92,-6090.475840336135,3348.3752521008405,-463.38178217821775
2022-11-29,-1925.3207547169814,-5982.112008368201,3631.6639240506333,-461.2936633663368
2022-11-30,34.757425742574014,-5754.9712658227845,2157.2918907563026,-368.8227586206897
2022-12-01,-352.1649484536083,-5919.293403361345,667.8981932773108,-369.8150495049506
2022-12-02,-4406.865168539326,-5631.797647058824,3843.68552742616,-345.8300999999999
2022-12-03,-793.3599999999997,-3879.738953974895,4496.010966386555,-80.93114427860695
2022-12-04,-3541.073619631902,-2654.7918487394954,4439.500210970464,2.702189054726361
2022-12-05,-4768.92,-6090.475840336135,4354.17525210084,-235.1117821782177
2022-12-06,-3492.3207547169814,-5982.112008368201,4165.623924050633,-165.3736633663367
2022-12-07,664.757425742574,-5754.9712658227845,2084.721890756303,-38.11275862068976
2022-12-08,3415.8350515463917,-5919.293403361345,805.478193277311,-84.13504950495053
2022-12-09,-4501.865168539326,-5631.797647058824,4087.8955274261602,-85.78009999999995
2022-12-10,-3689.3599999999997,-3879.738953974895,4280.200966386555,-27.581144278606928
2022-12-11,-2481.073619631902,-2654.7918487394954,3538.8002109704644,-8.377810945273637
2022-12-12,2790.08,-6090.475840336135,4240.14525210084,-8.231782178217713
2022-12-13,-4327.320754716981,-5982.112008368201,3708.853924050633,13.196336633663236
2022-12-14,1562.757425742574,-5754.9712658227845,1332.9218907563024,30.28724137931033
2022-12-15,-307.1649484536083,-5919.293403361345,591.3481932773109,24.334950495049497
2022-12-16,-80.86516853932608,-5631.797647058824,3920.5655274261603,64.3999
2022-12-17,-4020.3599999999997,-3879.738953974895,4045.5709663865546,-12.601144278606967
2022-12-18,6946.926380368098,-2654.7918487394954,4168.460210970465,11.28218905472636
2022-12-19,154.07999999999993,-6090.475840336135,4039.8752521008405,-64.02178217821768
2022-12-20,-3179.3207547169814,-5982.112008368201,3037.4539240506333,-37.01366336633669
2022-12-21,2053.757425742574,-5754.9712658227845,772.3618907563025,-64.41275862068971
2022-12-22,-2023.1649484536083,-5919.293403361345,182.98819327731093,-91.57504950495058
2022-12-23,-4023.865168539326,-5631.797647058824,3300.385527426161,-130.5900999999999
2022-12-24,-2678.3599999999997,-3879.738953974895,4103.630966386555,-18.221144278606914
2022-12-25,-4179.073619631902,-2654.7918487394954,3878.6502109704647,-8.777810945273636
2022-12-26,1906.08,-6090.475840336135,4057.6552521008402,-53.86178217821771
2022-12-28,4349.757425742574,-5754.9712658227845,1803.6118907563025,-125.76275862068974
2022-12-30,1741.134831460674,-5631.797647058824,4204.225527426161,-327.29009999999994
2023-01-01,-1431.0736196319021,-2654.7918487394954,4145.650210970465,-7.977810945273639
2023-01-03,3774.6792452830186,-5982.112008368201,3105.5439240506334,-106.26366336633669
2023-01-04,-474.242574257426,-5754.9712658227845,1398.8818907563025,-115.25275862068975
2023-01-07,-1551.3599999999997,-3879.738953974895,4747.720966386554,-30.69114427860694
2023-01-08,-1098.0736196319021,-2654.7918487394954,4760.640210970465,-4.397810945273633
2023-01-09,-2628.92,-6090.475840336135,4620.135252100839,-12.6217821782177
2023-01-10,-2644.3207547169814,-5982.112008368201,3446.6339240506327,0.6163366336633089
2023-01-11,-1621.242574257426,-5754.9712658227845,245.00189075630237,41.847241379310276
2023-01-12,3418.8350515463917,-5919.293403361345,-276.04180672268905,-25.22504950495056
2023-01-14,-4921.36,-3879.738953974895,-1683.6590336134454,-33.051144278606955
2023-01-15,-983.0736196319021,-2654.7918487394954,2190.7202109704644,-4.457810945273636
2023-01-16,4612.08,-6090.475840336135,3824.9652521008397,57.39821782178228
2023-01-18,1274.757425742574,-5754.9712658227845,1833.0318907563026,-7.432758620689697
2023-01-20,-1706.865168539326,-5631.797647058824,4184.71552742616,-214.9700999999999
2023-01-21,-2911.3599999999997,-3879.738953974895,4429.100966386554,-220.72114427860694
2023-01-22,-4697.073619631902,-2654.7918487394954,3975.5902109704643,-48.33781094527364
2023-01-23,-63.92000000000007,-6090.475840336135,3996.73525210084,-836.4117821782177
2023-01-25,3094.757425742574,-5754.9712658227845,1580.1218907563023,-330.35275862068977
2023-01-26,-1186.1649484536083,-5919.293403361345,502.808193277311,-147.6550495049505
2023-01-28,-4048.3599999999997,-3879.738953974895,4431.500966386555,-49.16114427860694
2023-01-30,-890.9200000000001,-6090.475840336135,4181.455252100841,30.218217821782332
2023-02-01,1912.757425742574,-5754.9712658227845,1661.8018907563026,-72.63275862068974
2023-02-02,6972.835051546392,-5919.293403361345,555.9381932773108,-33.39504950495052
2023-02-04,-6380.36,-3879.738953974895,4537.760966386555,-57.501144278606944
2023-02-05,-1835.0736196319021,-2654.7918487394954,4467.8702109704645,-2.267810945273638
2023-02-06,-826.9200000000001,-6090.475840336135,4412.42525210084,-10.38178217821769
2023-02-07,5042.679245283019,-5982.112008368201,3734.683924050633,48.70633663366334
2023-02-08,-1190.242574257426,-5754.9712658227845,1436.1018907563023,-50.53275862068972
2023-02-09,-1791.1649484536083,-5919.293403361345,526.268193277311,-52.04504950495061
2023-02-11,-1012.3599999999997,-3879.738953974895,4113.510966386555,-64.14114427860693
2023-02-12,-2183.073619631902,-2654.7918487394954,4018.7602109704644,-8.977810945273639
2023-02-13,1557.08,-6090.475840336135,4123.455252100841,-32.36178217821771
2023-02-14,4085.6792452830186,-5982.112008368201,4123.893924050633,114.59633663366321
2023-02-15,-2441.242574257426,-5754.9712658227845,1869.0518907563026,108.60724137931027
2023-02-16,4127.835051546392,-5919.293403361345,693.5481932773109,-6.13504950495053
2023-02-18,5692.64,-3879.738953974895,4079.6209663865548,-73.83114427860693
2023-02-19,-2692.073619631902,-2654.7918487394954,39.430210970464486,-54.91781094527364
2023-02-20,2998.08,-6090.475840336135,3633.2152521008397,-172.03178217821767
2023-02-21,-2202.3207547169814,-5982.112008368201,4434.343924050632,72.70633663366334
2023-02-22,4747.757425742574,-5754.9712658227845,1754.9418907563024,90.40724137931022
2023-02-23,1761.8350515463917,-5919.293403361345,578.258193277311,46.14495049504944
2023-02-24,-2958.865168539326,-5631.797647058824,3873.925527426161,-275.9700999999999
2023-02-25,747.6400000000003,-3879.738953974895,3838.7709663865544,-16.201144278606932
2023-02-26,-1777.0736196319021,-2654.7918487394954,3720.5502109704644,-41.51781094527364
2023-02-27,2028.08,-6090.475840336135,3989.5052521008406,-113.01178217821769
2023-03-01,8912.757425742573,-5754.9712658227845,1536.4518907563026,-649.1727586206897
2023-03-02,-1300.1649484536083,-5919.293403361345,501.57819327731096,48.314950495049516
2023-03-03,6231.134831460674,-5631.797647058824,3745.675527426161,59.29990000000009
2023-03-04,-2740.3599999999997,-3879.738953974895,4059.0309663865546,-39.32114427860694
2023-03-05,83.92638036809785,-2654.7918487394954,3973.000210970464,0.9921890547263672
2023-03-06,5992.08,-6090.475840336135,3957.31525210084,38.29821782178226
2023-03-07,176.67924528301864,-5982.112008368201,3935.2139240506326,33.41633663366326
2023-03-08,377.757425742574,-5754.9712658227845,1642.0618907563023,43.087241379310285
2023-03-09,-1264.1649484536083,-5919.293403361345,539.7081932773108,-296.7850495049506
2023-03-11,-600.3599999999997,-3879.738953974895,4248.020966386554,-7.011144278606935
2023-03-12,676.9263803680979,-2654.7918487394954,4332.540210970465,-9.137810945273635
2023-03-13,-42.92000000000007,-6090.475840336135,3284.55525210084,90.51821782178229
2023-03-14,1795.6792452830186,-5982.112008368201,3999.2539240506326,144.96633663366333
2023-03-15,-782.242574257426,-5754.9712658227845,1920.3418907563025,102.60724137931027
2023-03-16,1521.8350515463917,-5919.293403361345,727.4081932773108,142.4449504950494
2023-03-17,318.1348314606739,-5631.797647058824,4148.71552742616,160.50990000000013
2023-03-18,1796.6400000000003,-3879.738953974895,4181.730966386554,23.11885572139306
2023-03-19,4957.926380368098,-2654.7918487394954,3892.160210970464,1.1621890547263618
2023-03-20,-5563.92,-6090.475840336135,4035.01525210084,103.98821782178231
2023-03-21,1408.6792452830186,-5982.112008368201,3772.353924050633,112.8563366336632
2023-03-22,978.757425742574,-5754.9712658227845,1404.6118907563025,144.25724137931036
2023-03-23,4706.835051546392,-5919.293403361345,605.018193277311,-40.88504950495053
2023-03-25,1973.6400000000003,-3879.738953974895,4156.390966386554,-36.87114427860695
2023-03-26,-2134.073619631902,-2654.7918487394954,2810.000210970464,8.292189054726364
2023-03-27,2299.08,-6090.475840336135,3570.22525210084,228.21821782178233
2023-03-28,3017.6792452830186,-5982.112008368201,3945.943924050633,116.6163366336632
2023-03-29,3992.757425742574,-5754.9712658227845,1667.9218907563024,108.19724137931019
2023-03-30,3627.8350515463917,-5919.293403361345,638.248193277311,4.824950495049393
2023-04-01,2307.6400000000003,-3879.738953974895,4186.390966386554,-69.77114427860695
2023-04-02,617.9263803680979,-2654.7918487394954,4011.9402109704647,-11.327810945273633
2023-04-03,-1641.92,-6090.475840336135,3908.7552521008406,37.678217821782255
2023-04-05,-2480.242574257426,-5754.9712658227845,1423.7118907563024,-182.82275862068968
2023-04-06,1596.8350515463917,-5919.293403361345,604.9181932773108,-75.24504950495054
2023-04-08,330.6400000000003,-3879.738953974895,4338.540966386555,-84.34114427860695
2023-04-09,-1608.0736196319021,-2654.7918487394954,4077.8802109704643,4.212189054726366
2023-04-10,1631.08,-6090.475840336135,4105.045252100841,80.13821782178229
2023-04-11,-907.3207547169814,-5982.112008368201,4025.4939240506333,-4.153663366336787
2023-04-12,2615.757425742574,-5754.9712658227845,1599.2218907563026,24.317241379310303
2023-04-13,-697.1649484536083,-5919.293403361345,650.3781932773109,50.71495049504938
2023-04-15,-632.3599999999997,-3879.738953974895,3575.1209663865548,-89.21114427860695
2023-04-16,2631.926380368098,-2654.7918487394954,4101.680210970464,-25.517810945273638
2023-04-17,869.0799999999999,-6090.475840336135,4312.3552521008405,115.7582178217823
2023-04-19,-462.242574257426,-5754.9712658227845,1546.0718907563025,117.95724137931018
2023-04-20,1561.8350515463917,-5919.293403361345,474.668193277311,76.77495049504932
2023-04-22,933.6400000000003,-3879.738953974895,3466.4009663865545,-55.37114427860695
2023-04-23,655.9263803680979,-2654.7918487394954,3846.9602109704642,-17.357810945273634
2023-04-24,261.0799999999999,-6090.475840336135,4301.26525210084,124.15821782178227
2023-04-25,2527.6792452830186,-5982.112008368201,-785.9460759493668,30.456336633663227
2023-04-26,837.757425742574,-5754.9712658227845,483.8718907563025,173.39724137931023
2023-04-27,966.8350515463917,-5919.293403361345,449.06819327731097,131.3349504950495
2023-04-28,-2043.865168539326,-5631.797647058824,3765.18552742616,70.49990000000014
2023-04-29,2978.6400000000003,-3879.738953974895,4167.870966386555,-53.291144278606936
2023-04-30,3812.926380368098,-2654.7918487394954,3367.2302109704647,-14.267810945273638
2023-05-01,222.07999999999993,-6090.475840336135,4076.94525210084,-652.1917821782177
2023-05-02,1856.6792452830186,-5982.112008368201,3739.693924050633,-6.363663366336709
2023-05-03,-1959.242574257426,-5754.9712658227845,1632.4218907563024,168.3072413793103
2023-05-04,1674.8350515463917,-5919.293403361345,635.0881932773109,-25.29504950495061
2023-05-06,-624.3599999999997,-3879.738953974895,3719.4509663865547,-156.46114427860692
2023-05-07,-705.0736196319021,-2654.7918487394954,3901.2302109704647,-15.137810945273635
2023-05-09,5397.679245283019,-5982.112008368201,3909.273924050633,10.456336633663227
2023-05-10,-2533.242574257426,-5754.9712658227845,1756.1218907563023,36.267241379310235
2023-05-11,3926.8350515463917,-5919.293403361345,845.9181932773108,61.544950495049534
2023-05-13,2515.6400000000003,-3879.738953974895,4191.460966386555,-86.97114427860694
2023-05-14,104.92638036809785,-2654.7918487394954,4151.150210970465,-21.867810945273632
2023-05-15,754.0799999999999,-6090.475840336135,4261.035252100841,147.82821782178223
2023-05-16,3443.6792452830186,-5982.112008368201,4152.6039240506325,90.53633663366327
2023-05-17,832.757425742574,-5754.9712658227845,1432.0618907563023,54.64724137931023
2023-05-18,-3670.1649484536083,-5919.293403361345,446.3781932773109,-30.79504950495061
2023-05-20,-75.35999999999967,-3879.738953974895,3463.9409663865545,-69.20114427860693
2023-05-21,1261.9263803680979,-2654.7918487394954,3969.3102109704646,-25.427810945273635
2023-05-22,1166.08,-6090.475840336135,3946.5452521008406,122.46821782178233
2023-05-23,-1137.3207547169814,-5982.112008368201,4127.953924050633,53.376336633663186
2023-05-24,3257.757425742574,-5754.9712658227845,1839.6318907563025,169.03724137931033
2023-05-25,7523.835051546392,-814.9934033613445,649.0981932773109,153.73495049504936
2023-05-27,150.64000000000033,4829.291046025106,153.84096638655456,-102.51114427860693
2023-05-28,26.926380368097853,120.78815126050449,3872.0202109704646,-22.557810945273637
2023-05-30,-983.3207547169814,5786.137991631799,4200.203924050633,10.036336633663268
2023-05-31,3727.757425742574,7164.818734177216,1945.0318907563026,93.9272413793102
2023-06-01,-2075.1649484536083,5602.946596638655,744.2981932773109,-743.5250495049506
2023-06-03,-1665.3599999999997,4774.061046025105,4244.770966386554,-47.551144278606955
2023-06-04,-884.0736196319021,2931.848151260505,3945.5202109704646,-19.637810945273635
2023-06-05,-3585.92,6715.924159663865,4037.4552521008404,16.10821782178232
2023-06-06,3740.6792452830186,5370.717991631799,3717.943924050633,-733.1836633663368
2023-06-07,3974.757425742574,-5754.9712658227845,1675.3018907563026,-30.652758620689724
2023-06-08,-3428.1649484536083,-5919.293403361345,646.8781932773109,152.87495049504946
2023-06-10,341.6400000000003,-3879.738953974895,4449.380966386555,-50.38114427860694
2023-06-11,1693.9263803680979,-2654.7918487394954,3364.4702109704644,-20.65781094527364
2023-06-12,-1530.92,-6090.475840336135,4247.9752521008395,67.46821782178233
2023-06-14,-3887.242574257426,-5754.9712658227845,1702.9218907563024,82.9372413793102
2023-06-15,4091.8350515463917,2970.2565966386546,736.498193277311,-17.12504950495054
2023-06-17,3252.6400000000003,5162.511046025105,3964.6909663865545,-38.71114427860695
2023-06-18,1573.9263803680979,2967.7381512605043,3670.570210970465,-17.957810945273636
2023-06-19,-1803.92,3116.9541596638655,3546.56525210084,190.04821782178226
2023-06-21,-308.242574257426,-5754.9712658227845,-1364.3281092436976,-20.832758620689674
2023-06-22,-1663.1649484536083,-5919.293403361345,-492.41180672268905,206.2049504950494
2023-06-24,3335.6400000000003,-3879.738953974895,-3121.7590336134454,-1.6111442786069574
2023-06-25,-536.0736196319021,-2654.7918487394954,-3140.6997890295356,-11.697810945273638
2023-06-28,3836.757425742574,-5754.9712658227845,-1364.3281092436976,92.87724137931025
2023-06-29,3834.8350515463917,-5919.293403361345,-492.41180672268905,-49.71504950495057
2023-07-01,1373.6400000000003,-3879.738953974895,-3121.7590336134454,-62.031144278606945
2023-07-02,-3089.073619631902,-2654.7918487394954,-3140.6997890295356,-7.277810945273636
2023-07-03,605.0799999999999,-6090.475840336135,-3256.51474789916,39.90821782178227
2023-07-04,1807.6792452830186,-5982.112008368201,-3133.726075949367,58.55633663366325
2023-07-05,-2059.242574257426,-5754.9712658227845,-1364.3281092436976,-47.34275862068978
2023-07-06,-639.1649484536083,-4978.623403361345,-492.41180672268905,48.414950495049425
2023-07-07,-1175.865168539326,-1689.2076470588236,-2838.3844725738395,-104.78009999999995
2023-07-08,106.64000000000033,-2060.168953974895,-3121.7590336134454,-97.61114427860693
2023-07-09,-1675.0736196319021,-1690.7318487394955,-3140.6997890295356,-28.22781094527364
2023-07-12,1392.757425742574,-2085.6312658227844,-1364.3281092436976,-95.76275862068974
2023-07-13,264.8350515463917,-1977.7834033613444,-492.41180672268905,-49.1850495049506
2023-07-15,-1657.3599999999997,-1542.278953974895,-3121.7590336134454,-48.811144278606946
2023-07-16,3373.926380368098,-1674.9318487394953,-3140.6997890295356,-17.747810945273635
2023-07-19,1194.757425742574,-1549.9812658227847,-1364.3281092436976,194.04724137931032
2023-07-20,2893.8350515463917,-1476.3334033613446,-492.41180672268905,323.2149504950494
2023-07-22,589.6400000000003,-1338.9489539748952,-3121.7590336134454,-1.401144278606921
2023-07-23,-1602.0736196319021,-1481.1518487394953,-3140.6997890295356,-22.65781094527364
2023-07-26,-162.24257425742599,-1193.9112658227841,-1364.3281092436976,12.907241379310221
2023-07-27,2088.8350515463917,-1315.9134033613445,-492.41180672268905,12.784950495049543
2023-07-29,2558.6400000000003,-1446.7189539748952,-3121.7590336134454,-48.771144278606954
2023-07-30,240.92638036809785,-1495.2418487394955,-3140.6997890295356,-24.927810945273635
2023-08-02,3483.757425742574,-1928.8312658227846,-1364.3281092436976,-317.77275862068973
2023-08-03,385.8350515463917,-2114.6434033613446,-492.41180672268905,-298.12504950495054
2023-08-05,-2420.3599999999997,-1536.4489539748952,-3121.7590336134454,-67.24114427860695
2023-08-07,2206.08,-1632.0758403361351,-3256.51474789916,-100.57178217821775
2023-08-11,-550.8651685393261,-639.6676470588236,-2838.3844725738395,126.62990000000002
2023-08-12,25.640000000000327,-757.588953974895,-3121.7590336134454,87.85885572139307
2023-08-13,1644.9263803680979,-1274.7918487394954,-3140.6997890295356,-19.267810945273638
2023-08-14,3193.08,-1303.155840336135,-3256.51474789916,166.02821782178228
2023-08-15,-576.3207547169814,-2853.9020083682008,-3133.726075949367,-588.5436633663367
2023-08-16,-1746.242574257426,-1069.4012658227848,-1364.3281092436976,232.4272413793102
2023-08-17,1562.8350515463917,-1213.7934033613446,-492.41180672268905,337.8049504950495
2023-08-18,-1762.865168539326,-928.977647058824,-2838.3844725738395,256.2899000000001
2023-08-19,-2001.3599999999997,-1304.708953974895,-3121.7590336134454,101.98885572139307
2023-08-20,-104.07361963190215,-1306.9518487394955,-3140.6997890295356,4.032189054726359
2023-08-21,1892.08,-1452.365840336135,-3256.51474789916,262.54821782178226
2023-08-23,-671.242574257426,-1099.5812658227842,-1364.3281092436976,319.12724137931025
2023-08-24,-449.1649484536083,-1718.0534033613449,-492.41180672268905,14.904950495049434
2023-08-26,2612.6400000000003,-957.7389539748951,-3121.7590336134454,123.19885572139304
2023-08-27,825.9263803680979,-1047.9518487394955,-3140.6997890295356,36.02218905472637
2023-08-28,-1228.92,-1537.5158403361347,-3256.51474789916,192.22821782178232
2023-08-29,4855.679245283019,-1542.6520083682008,-3133.726075949367,176.40633663366316
2023-08-30,3643.757425742574,-1451.8012658227844,-1364.3281092436976,23.97724137931027
2023-08-31,4101.835051546392,-1574.9934033613445,-492.41180672268905,110.67495049504942
2023-09-02,2487.6400000000003,3539.101046025105,-3121.7590336134454,36.238855721393065
2023-09-03,-1985.0736196319021,2906.098151260505,-3140.6997890295356,2.5721890547263655
2023-09-04,3135.08,8135.764159663865,-3256.51474789916,174.71821782178233
2023-09-06,1302.757425742574,7477.288734177216,-1364.3281092436976,65.66724137931021
2023-09-07,-3066.1649484536083,7990.826596638656,-492.41180672268905,54.47495049504937
2023-09-08,-491.8651685393261,7040.752352941176,-2838.3844725738395,123.12990000000002
2023-09-09,1533.6400000000003,4233.911046025105,-3121.7590336134454,-37.801144278606955
2023-09-10,1237.9263803680979,2575.648151260504,-3140.6997890295356,-19.617810945273632
2023-09-12,1657.6792452830186,6579.777991631799,-3133.726075949367,235.55633663366325
2023-09-13,-728.242574257426,6394.768734177215,-1364.3281092436976,224.79724137931032
2023-09-14,-1988.1649484536083,5513.056596638656,-492.41180672268905,184.62495049504946
2023-09-16,531.6400000000003,4062.191046025105,-3121.7590336134454,-12.471144278606914
2023-09-17,1454.9263803680979,3059.4881512605043,-3140.6997890295356,-22.437810945273633
2023-09-19,726.6792452830186,7679.387991631799,-3133.726075949367,160.4863366336633
2023-09-20,-1008.242574257426,6546.968734177216,-1364.3281092436976,136.45724137931018
2023-09-21,-529.1649484536083,5872.986596638656,-492.41180672268905,38.00495049504934
2023-09-23,982.6400000000003,5823.7710460251055,-3121.7590336134454,103.67885572139306
2023-09-24,-137.07361963190215,3401.7081512605046,-3140.6997890295356,-13.127810945273637
2023-09-25,4525.08,8473.014159663864,-3256.51474789916,263.1582178217824
2023-09-27,2335.757425742574,5204.828734177215,-1364.3281092436976,-134.65275862068972
2023-09-28,-3411.1649484536083,-2665.613403361345,-492.41180672268905,-965.8850495049505
2023-09-30,-529.3599999999997,-2675.068953974895,-3121.7590336134454,-257.93114427860695
2023-10-04,-627.242574257426,-1297.1712658227843,-1364.3281092436976,-75.8027586206897
2023-10-07,-1.3599999999996726,-1192.728953974895,-3121.7590336134454,136.91885572139307
2023-10-11,-166.24257425742599,-1120.8512658227846,-1364.3281092436976,146.36724137931026
2023-10-12,-2185.1649484536083,-960.6334033613448,-492.41180672268905,190.9549504950494
2023-10-14,710.6400000000003,-618.8189539748951,-3121.7590336134454,10.06885572139305
2023-10-15,-3825.073619631902,-1262.0618487394954,-3140.6997890295356,-8.897810945273633
2023-10-16,-2146.92,-1348.4558403361343,-3256.51474789916,135.15821782178227
2023-10-18,-716.242574257426,-991.0712658227849,-1364.3281092436976,59.03724137931033
2023-10-19,-2470.1649484536083,-1157.8334033613446,-492.41180672268905,57.21495049504938
2023-10-21,1919.6400000000003,-730.1189539748952,-3121.7590336134454,-39.40114427860695
2023-10-22,-930.0736196319021,-1182.8018487394954,-3140.6997890295356,-11.547810945273639
2023-10-23,1512.08,-1503.8858403361346,-3256.51474789916,37.27821782178228
2023-10-25,-327.242574257426,-904.4012658227848,-1364.3281092436976,139.8072413793103
2023-10-26,-1968.1649484536083,-1087.9634033613447,-492.41180672268905,61.71495049504938
2023-10-28,4729.64,-737.4089539748952,-3121.7590336134454,2.428855721393063
2023-10-29,368.92638036809785,-1234.7318487394955,-3140.6997890295356,-13.887810945273635
2023-10-30,-63.92000000000007,-1494.235840336135,-3256.51474789916,38.78821782178227
2023-11-01,-7.242574257425986,6600.338734177215,-1364.3281092436976,-47.75275862068975
2023-11-02,-1420.1649484536083,6662.236596638656,-492.41180672268905,-88.44504950495059
2023-11-04,1174.6400000000003,3686.271046025105,-3121.7590336134454,-42.501144278606944
2023-11-06,-1439.92,7749.244159663865,-3256.51474789916,-8.421782178217768
2023-11-08,-1602.242574257426,8159.538734177216,-1364.3281092436976,-5.762758620689738
2023-11-09,1389.8350515463917,7857.336596638655,-492.41180672268905,25.61495049504947
2023-11-10,-1104.865168539326,8210.722352941177,-2838.3844725738395,-5.750099999999861
2023-11-11,2105.6400000000003,6294.491046025105,-3121.7590336134454,-35.08114427860693
2023-11-12,217.92638036809785,3531.4981512605045,-3140.6997890295356,-10.087810945273638
2023-11-13,507.0799999999999,8499.664159663866,-3256.51474789916,46.488217821782314
2023-11-14,2744.6792452830186,6927.1579916318,-3133.726075949367,19.596336633663213
2023-11-15,-3098.242574257426,7818.558734177216,-1364.3281092436976,49.41724137931021
2023-11-16,-3613.1649484536083,6746.016596638655,-492.41180672268905,19.22495049504937
2023-11-19,-1947.0736196319021,3767.3681512605044,-3140.6997890295356,3.1121890547263575
2023-11-20,6276.08,7967.5341596638655,-3256.51474789916,119.68821782178225
2023-11-21,-2181.3207547169814,7392.4879916318,-3133.726075949367,84.22633663366332
2023-11-22,-3085.242574257426,9029.248734177214,-1364.3281092436976,162.24724137931037
2023-11-23,-1087.1649484536083,7830.526596638655,-492.41180672268905,57.34495049504949
2023-11-25,-2071.3599999999997,5540.001046025105,-3121.7590336134454,76.17885572139306
2023-11-26,1134.9263803680979,3912.598151260505,-3140.6997890295356,20.03218905472636
2023-11-28,7825.679245283019,8087.7579916318,-3133.726075949367,126.93633663366336
2023-11-29,3091.757425742574,8391.158734177214,-1364.3281092436976,31.62724137931025
2023-11-30,2778.8350515463917,6951.456596638655,-492.41180672268905,35.814950495049516
2023-12-02,-462.3599999999997,-1223.8089539748953,-3121.7590336134454,0.03885572139307669
2023-12-03,-2726.073619631902,-1297.0818487394954,-3140.6997890295356,24.712189054726366
2023-12-04,-2738.92,-1656.865840336135,-3256.51474789916,158.4982178217823
2023-12-05,-1572.3207547169814,-1419.3620083682008,-3133.726075949367,54.41633663366315
2023-12-06,-165.24257425742599,-1082.8112658227847,-1364.3281092436976,108.9272413793102
2023-12-07,-1463.1649484536083,-1401.393403361345,-492.41180672268905,126.0849504950495
2023-12-08,900.1348314606739,-858.3176470588242,-2838.3844725738395,30.229900000000043
2023-12-09,1032.6400000000003,-1221.4489539748952,-3121.7590336134454,48.198855721393045
2023-12-10,381.92638036809785,-1243.7418487394955,-3140.6997890295356,14.352189054726367
2023-12-11,-1080.92,-2276.005840336135,-3256.51474789916,40.238217821782314
2023-12-12,-1651.3207547169814,-1661.2720083682007,-3133.726075949367,52.366336633663195
2023-12-13,2665.757425742574,-1166.5612658227847,-1364.3281092436976,159.3172413793103
2023-12-14,-2169.1649484536083,-1701.683403361345,-492.41180672268905,173.24495049504935
2023-12-16,-815.3599999999997,-1296.528953974895,-3121.7590336134454,-5.701144278606932
2023-12-17,2353.926380368098,-1293.7718487394955,-3140.6997890295356,-5.6778109452736345
2023-12-18,-751.9200000000001,-1757.3558403361349,-3256.51474789916,107.54821782178226
2023-12-20,-1764.242574257426,-1118.9812658227847,-1364.3281092436976,82.97724137931039
2023-12-21,-2635.1649484536083,-1338.9434033613443,-492.41180672268905,52.25495049504934
2023-12-23,330.6400000000003,-1017.7789539748951,-3121.7590336134454,9.488855721393065
2023-12-26,3579.6792452830186,-1014.3520083682006,-3133.726075949367,-63.18366336633676
2023-12-27,-3423.242574257426,-819.9512658227841,-1364.3281092436976,81.49724137931037
2023-12-29,-1171.865168539326,-1275.397647058824,-2838.3844725738395,-196.25009999999986
2023-12-30,-1564.3599999999997,-1288.7489539748954,-3121.7590336134454,-85.43114427860695
2024-01-04,3819.8350515463917,7646.316596638656,-492.41180672268905,-31.185049504950598
2024-01-05,-1036.865168539326,5498.892352941177,-2838.3844725738395,-36.7100999999999
2024-01-06,-4570.36,5337.481046025105,-3121.7590336134454,33.60885572139307
2024-01-08,-2872.92,7863.844159663865,-3256.51474789916,-5.351782178217718
2024-01-10,-2586.242574257426,8131.068734177216,-1364.3281092436976,-59.722758620689774
2024-01-11,612.8350515463917,8439.076596638657,-492.41180672268905,15.884950495049452
2024-01-12,1717.134831460674,6982.532352941176,-2838.3844725738395,64.17989999999998
2024-01-13,1051.6400000000003,5339.5210460251055,-3121.7590336134454,-15.17114427860696
2024-01-16,-2923.3207547169814,8099.647991631799,-3133.726075949367,-87.48366336633671
2024-01-17,-1627.242574257426,8463.618734177217,-1364.3281092436976,-64.71275862068967
2024-01-18,-2601.1649484536083,6199.9165966386545,-492.41180672268905,-97.24504950495054
2024-01-19,-2137.865168539326,6355.2123529411765,-2838.3844725738395,9.429900000000089
2024-01-20,-1833.3599999999997,4967.331046025105,-3121.7590336134454,-31.101144278606938
2024-01-21,-870.0736196319021,3493.928151260505,-3140.6997890295356,-10.797810945273639
2024-01-22,7013.08,8115.154159663864,-3256.51474789916,25.598217821782328
2024-01-23,-5232.320754716981,7504.797991631799,-3133.726075949367,-17.663663366336777
2024-01-24,3793.757425742574,7907.498734177215,-1364.3281092436976,-1.6927586206896876
2024-01-25,-2202.1649484536083,8139.856596638655,-492.41180672268905,0.1449504950494429
2024-01-27,1526.6400000000003,5980.201046025106,-3121.7590336134454,-1.571144278606937
2024-01-28,2138.926380368098,3261.5381512605045,-3140.6997890295356,-12.617810945273632
2024-01-31,-6.242574257425986,7571.578734177215,-1364.3281092436976,-7.382758620689742
2024-02-01,1069.8350515463917,7446.006596638655,-492.41180672268905,-38.5550495049506
2024-02-03,1445.6400000000003,5285.481046025105,-3121.7590336134454,15.418855721393072
2024-02-04,-2968.073619631902,3616.5281512605043,-3140.6997890295356,-12.517810945273638
2024-02-05,1271.08,7433.5741596638645,-3256.51474789916,54.178217821782255
2024-02-07,-2079.242574257426,7513.038734177216,-1364.3281092436976,131.6772413793102
2024-02-09,-1078.865168539326,-2157.5376470588235,-2838.3844725738395,-931.7000999999999
2024-02-11,-5063.073619631902,74.15815126050438,-3140.6997890295356,-37.62781094527364
2024-02-12,375.0799999999999,2719.474159663866,-3256.51474789916,-776.7217821782177
2024-02-14,-4111.242574257426,7921.118734177216,-1364.3281092436976,24.747241379310253
2024-02-15,-915.1649484536083,8114.226596638656,-492.41180672268905,-2.38504950495053
2024-02-17,17.640000000000327,5619.901046025105,-3121.7590336134454,64.12885572139305
2024-02-21,3463.757425742574,6864.098734177215,-1364.3281092436976,-83.31275862068969
2024-02-22,4353.835051546392,6912.306596638656,-492.41180672268905,-12.685049504950598
2024-02-24,3515.6400000000003,5496.291046025106,-3121.7590336134454,8.31885572139305
2024-02-25,6351.926380368098,4077.9581512605046,-3140.6997890295356,7.44218905472637
2024-02-26,942.0799999999999,9093.744159663864,-3256.51474789916,112.7582178217823
2024-02-28,-1026.242574257426,6134.768734177215,-1364.3281092436976,170.70724137931018
2024-02-29,-2690.1649484536083,6125.096596638655,-492.41180672268905,77.4449504950494
2024-03-02,6332.64,-1666.528953974895,-3121.7590336134454,-59.69114427860694
2024-03-03,57.92638036809785,-1405.9618487394955,-3140.6997890295356,-1.5978109452736362
2024-03-05,-1887.3207547169814,-1911.0820083682006,-3133.726075949367,79.8563366336632
2024-03-06,5225.757425742574,-1245.6712658227843,-1364.3281092436976,121.27724137931034
2024-03-07,853.8350515463917,-1342.1634033613445,-492.41180672268905,126.9449504950494
2024-03-09,2221.6400000000003,-1015.1389539748952,-3121.7590336134454,-30.13114427860694
2024-03-10,2691.926380368098,-1266.0218487394955,-3140.6997890295356,-7.567810945273635
2024-03-12,6960.679245283019,-1443.452008368201,-3133.726075949367,154.5063366336633
2024-03-13,-1974.242574257426,-1042.5112658227845,-1364.3281092436976,228.83724137931029
2024-03-14,2470.8350515463917,-1106.353403361345,-492.41180672268905,169.42495049504942
2024-03-16,-2311.3599999999997,-1027.9689539748952,-3121.7590336134454,48.81885572139305
2024-03-19,-4701.320754716981,-1454.8920083682005,-3133.726075949367,232.42633663366337
2024-03-20,324.757425742574,-1029.0012658227843,-1364.3281092436976,98.88724137931024
2024-03-21,7482.835051546392,-1373.2934033613446,-492.41180672268905,100.17495049504942
2024-03-22,1031.134831460674,-1117.5876470588237,-2838.3844725738395,58.18990000000019
2024-03-23,-345.3599999999997,-1299.168953974895,-3121.7590336134454,-23.511144278606935
2024-03-24,3058.926380368098,-1405.8118487394954,-3140.6997890295356,-1.6378109452736354
2024-03-27,-1992.242574257426,-1293.1812658227846,-1364.3281092436976,185.5672413793103
2024-03-28,-1553.1649484536083,-3322.8934033613446,-492.41180672268905,6.494950495049466
2024-03-29,1917.134831460674,-1035.897647058824,-2838.3844725738395,27.469900000000052
2024-03-30,4992.64,-1080.228953974895,-3121.7590336134454,-25.231144278606962
2024-04-02,-101.32075471698136,7986.2579916318,-3133.726075949367,98.3663366336632
2024-04-03,4428.757425742574,5116.2787341772155,-1364.3281092436976,42.4472413793103
2024-04-04,661.8350515463917,7441.266596638655,-492.41180672268905,238.39495049504944
2024-04-06,3450.6400000000003,3776.7410460251044,-3121.7590336134454,76.34885572139308
2024-04-09,2842.6792452830186,6905.517991631798,-3133.726075949367,215.66633663366315
2024-04-10,-1689.242574257426,4701.2787341772155,-1364.3281092436976,-731.1427586206897
2024-04-11,6343.835051546392,7459.2965966386555,-492.41180672268905,137.76495049504933
2024-04-13,1225.6400000000003,4352.881046025106,-3121.7590336134454,87.25885572139305
2024-04-15,-1758.92,5705.934159663865,-3256.51474789916,158.5082178217823
2024-04-17,1641.757425742574,7948.038734177216,-1364.3281092436976,271.46724137931017
2024-04-18,-1621.1649484536083,7279.606596638655,-492.41180672268905,202.54495049504953
2024-04-19,5138.134831460674,7189.402352941177,-2838.3844725738395,156.09990000000005
2024-04-20,-5799.36,4307.931046025105,-3121.7590336134454,140.67885572139306
2024-04-24,3910.757425742574,7622.508734177215,-1364.3281092436976,280.3372413793103
2024-04-25,-1961.1649484536083,6350.966596638656,-492.41180672268905,234.27495049504932
2024-04-26,2728.134831460674,6047.252352941176,-2838.3844725738395,190.8899
2024-04-27,2955.6400000000003,4711.481046025105,-3121.7590336134454,115.73885572139307
2024-04-29,-1654.92,6300.414159663865,-3256.51474789916,279.8782178217822
2024-04-30,133.67924528301864,5641.197991631799,-3133.726075949367,281.3363366336632
2024-05-01,2129.757425742574,-3574.9512658227845,-1364.3281092436976,-748.5527586206897
2024-05-03,3605.134831460674,-668.9576470588236,-2838.3844725738395,149.5299000000001
2024-05-04,-264.3599999999997,-905.418953974895,-3121.7590336134454,27.81885572139305
2024-05-05,518.9263803680979,-1825.3518487394954,-3140.6997890295356,-10.817810945273635
2024-05-06,-543.9200000000001,-3691.2658403361347,-3256.51474789916,-644.5017821782177
2024-05-08,-1965.242574257426,-1253.2912658227842,-1364.3281092436976,258.64724137931023
2024-05-09,1426.8350515463917,-1567.263403361345,-492.41180672268905,219.8249504950495
2024-05-10,1612.134831460674,-1015.3776470588236,-2838.3844725738395,121.69990000000018
2024-05-11,-2390.3599999999997,-1213.8089539748953,-3121.7590336134454,54.498855721393056
2024-05-12,5625.926380368098,-1445.4918487394955,-3140.6997890295356,-0.6478109452736334
2024-05-14,3610.6792452830186,-1282.2320083682007,-3133.726075949367,234.83633663366322
2024-05-15,-391.242574257426,-3010.4812658227847,-1364.3281092436976,-671.2427586206898
2024-05-16,-3722.1649484536083,-1218.143403361345,-492.41180672268905,242.85495049504948
2024-05-18,-2258.3599999999997,-1000.0989539748953,-3121.7590336134454,76.66885572139307
2024-05-22,736.757425742574,-1637.2212658227845,-1364.3281092436976,138.8072413793103
2024-05-23,-662.1649484536083,-1683.5234033613442,-492.41180672268905,128.49495049504935
2024-05-25,-947.3599999999997,-1390.898953974895,-3121.7590336134454,48.948855721393045
2024-05-28,-5467.320754716981,-1645.0720083682008,-3133.726075949367,147.7563366336633
2024-05-29,586.757425742574,-1432.3312658227842,-1364.3281092436976,92.26724137931035
2024-05-30,-2425.1649484536083,-1881.6734033613448,-492.41180672268905,121.63495049504945
2024-06-01,1755.6400000000003,1516.1510460251052,-3121.7590336134454,34.96885572139308
2024-06-05,-1447.242574257426,4017.0287341772155,-1364.3281092436976,211.4172413793102
2024-06-06,-3477.1649484536083,-2939.863403361345,-492.41180672268905,-667.0850495049506
2024-06-07,2421.134831460674,-1784.0676470588237,-2838.3844725738395,118.83990000000006
2024-06-08,1786.6400000000003,-1668.298953974895,-3121.7590336134454,-29.081144278606928
2024-06-12,185.75742574257401,-1453.741265822785,-1364.3281092436976,88.26724137931035
2024-06-13,1170.8350515463917,-2000.9934033613445,-492.41180672268905,61.70495049504939
2024-06-15,-748.3599999999997,-873.7189539748952,-3121.7590336134454,-52.21114427860695
2024-06-16,6364.926380368098,284.94815126050435,-3140.6997890295356,-3.1378109452736354
2024-06-19,-278.242574257426,6451.138734177216,-1364.3281092436976,103.94724137931019
2024-06-20,247.8350515463917,5824.726596638656,-492.41180672268905,124.01495049504933
2024-06-22,-619.3599999999997,2460.591046025105,-3121.7590336134454,61.61885572139306
2024-06-23,2785.926380368098,3378.718151260505,-3140.6997890295356,-11.437810945273633
2024-06-26,5427.757425742574,7737.048734177216,-1364.3281092436976,163.37724137931025
2024-06-27,-406.1649484536083,6119.026596638655,-492.41180672268905,52.24495049504935
2024-06-28,4236.134831460674,6547.032352941176,-2838.3844725738395,-9.150099999999952
2024-07-01,1728.08,-2617.5358403361347,-3256.51474789916,45.01821782178229
2024-07-03,5214.757425742574,-2126.0412658227847,-1364.3281092436976,-21.732758620689765
2024-07-04,-1776.1649484536083,-1908.3734033613446,-492.41180672268905,9.284950495049543
2024-07-05,3035.134831460674,-1753.8876470588239,-2838.3844725738395,6.969900000000052
2024-07-06,-772.3599999999997,-1608.6989539748952,-3121.7590336134454,-14.17114427860696
2024-07-07,-53.07361963190215,-1484.5818487394954,-3140.6997890295356,-14.627810945273637
2024-07-09,463.67924528301864,-2475.6720083682007,-3133.726075949367,-53.34366336633673
2024-07-10,866.757425742574,-2433.9112658227846,-1364.3281092436976,-92.77275862068973
2024-07-13,-2027.3599999999997,-1516.7189539748952,-3121.7590336134454,-0.5811442786069279
2024-07-17,1051.757425742574,-1852.2512658227847,-1364.3281092436976,124.74724137931037
2024-07-18,-694.1649484536083,-2124.7834033613444,-492.41180672268905,51.84495049504949
2024-07-19,4288.134831460674,-1727.0276470588237,-2838.3844725738395,61.76990000000012
2024-07-20,3307.6400000000003,-1600.3489539748953,-3121.7590336134454,46.90885572139308
2024-07-21,1424.9263803680979,-1549.0718487394954,-3140.6997890295356,-6.347810945273636
2024-07-22,2766.08,-1981.3358403361344,-3256.51474789916,210.45821782178234
2024-07-23,-598.3207547169814,-1817.3020083682004,-3133.726075949367,241.7663366336633
2024-07-24,-1748.242574257426,-1922.0412658227847,-1364.3281092436976,168.46724137931017
2024-07-25,1782.8350515463917,-2235.803403361345,-492.41180672268905,157.0849504950495
2024-07-26,1488.134831460674,-1382.557647058824,-2838.3844725738395,220.37990000000002
2024-07-27,-12.359999999999673,-1525.2489539748954,-3121.7590336134454,71.91885572139307
2024-07-28,4870.926380368098,-1673.6818487394953,-3140.6997890295356,-3.087810945273638
2024-07-29,-1818.92,-1771.0858403361344,-3256.51474789916,120.17821782178225
2024-07-31,2425.757425742574,-1796.6912658227843,-1364.3281092436976,-55.59275862068978
2024-08-01,1674.8350515463917,6462.596596638655,-492.41180672268905,-198.4050495049505
2024-08-02,6231.134831460674,2597.682352941176,-2838.3844725738395,-363.53009999999995
2024-08-03,-1295.3599999999997,1768.3010460251048,-3121.7590336134454,-5.0311442786069165
2024-08-04,666.9263803680979,3851.0681512605042,-3140.6997890295356,-2.8778109452736373
2024-08-05,4706.08,6171.4541596638655,-3256.51474789916,-143.83178217821774
2024-08-07,-1602.242574257426,6205.828734177215,-1364.3281092436976,-74.99275862068976
2024-08-08,412.8350515463917,6827.096596638655,-492.41180672268905,34.71495049504938
2024-08-09,-322.8651685393261,6324.3323529411755,-2838.3844725738395,118.4099
2024-08-10,1233.6400000000003,5106.071046025105,-3121.7590336134454,12.158855721393081
2024-08-12,-948.9200000000001,7197.504159663865,-3256.51474789916,216.8482178217822
2024-08-14,3004.757425742574,6962.608734177215,-1364.3281092436976,289.37724137931025
2024-08-15,-1008.1649484536083,4788.706596638655,-492.41180672268905,-534.3750495049505
2024-08-17,-1107.3599999999997,4275.701046025104,-3121.7590336134454,110.58885572139303
2024-08-18,-2092.073619631902,3966.898151260504,-3140.6997890295356,-12.207810945273636
2024-08-19,3405.08,7360.544159663866,-3256.51474789916,258.7682178217823
2024-08-20,860.6792452830186,6191.4179916318,-3133.726075949367,-102.71366336633673
2024-08-21,-1766.242574257426,5739.608734177215,-1364.3281092436976,132.51724137931035
2024-08-22,-8.164948453608304,5732.466596638656,-492.41180672268905,136.64495049504944
2024-08-24,-712.3599999999997,4406.301046025106,-3121.7590336134454,44.88885572139304
2024-08-27,2528.6792452830186,6105.787991631799,-3133.726075949367,190.69633663366335
2024-08-28,1370.757425742574,6640.978734177216,-1364.3281092436976,107.30724137931031
2024-08-29,-1083.1649484536083,6348.396596638656,-492.41180672268905,68.29495049504953
2024-08-31,920.6400000000003,3634.3210460251053,-3121.7590336134454,44.708855721393036
2024-09-01,3070.926380368098,2995.3181512605042,-3140.6997890295356,-12.967810945273634
2024-09-04,57.757425742574014,7268.688734177215,-1364.3281092436976,209.11724137931026
2024-09-05,-1296.1649484536083,6614.706596638655,-492.41180672268905,260.2149504950494
2024-09-07,1474.6400000000003,4001.051046025105,-3121.7590336134454,61.87885572139305
2024-09-08,1831.9263803680979,3103.1581512605044,-3140.6997890295356,-14.017810945273638
2024-09-09,-3379.92,7551.334159663865,-3256.51474789916,233.5982178217822
2024-09-11,-1070.242574257426,5883.0287341772155,-1364.3281092436976,199.47724137931039
2024-09-12,7456.835051546392,6615.696596638655,-492.41180672268905,50.87495049504946
2024-09-13,-113.86516853932608,5398.382352941177,-2838.3844725738395,152.19990000000018
2024-09-14,1021.6400000000003,3354.721046025105,-3121.7590336134454,-59.271144278606954
2024-09-18,-1135.242574257426,1456.1487341772154,-1364.3281092436976,-910.4127586206897
2024-09-19,1208.8350515463917,6622.536596638655,-492.41180672268905,-172.14504950495052
2024-09-21,3274.6400000000003,599.1110460251052,-3121.7590336134454,-18.031144278606916
2024-09-22,-2518.073619631902,4175.238151260504,-3140.6997890295356,15.292189054726364
2024-09-26,-2053.1649484536083,7026.436596638655,-492.41180672268905,84.61495049504947
2024-09-28,-1373.3599999999997,4400.2710460251055,-3121.7590336134454,156.36885572139306
2024-09-29,-587.0736196319021,4581.778151260504,-3140.6997890295356,-5.067810945273635
2024-10-02,217.75742574257401,7905.398734177216,-1364.3281092436976,275.88724137931024
2024-10-03,-988.1649484536083,4416.946596638655,-492.41180672268905,-676.6450495049505
2024-10-04,568.1348314606739,7174.262352941176,-2838.3844725738395,138.2799000000001
2024-10-05,1867.6400000000003,4136.711046025104,-3121.7590336134454,60.32885572139304
2024-10-09,-1793.242574257426,4255.458734177216,-1364.3281092436976,-549.1227586206898
2024-10-10,530.8350515463917,7733.526596638655,-492.41180672268905,194.49495049504935
2024-10-11,-41.86516853932608,6674.552352941177,-2838.3844725738395,245.17989999999998
2024-10-12,6881.64,4080.511046025105,-3121.7590336134454,-64.65114427860695
2024-10-16,-2305.242574257426,7313.848734177215,-1364.3281092436976,197.02724137931034
2024-10-17,48.835051546391696,6897.066596638656,-492.41180672268905,188.3349504950495
2024-10-19,3682.6400000000003,3438.561046025105,-3121.7590336134454,30.738855721393065
2024-10-21,3374.08,7407.214159663866,-3256.51474789916,246.79821782178226
2024-10-25,3422.134831460674,6934.672352941176,-2838.3844725738395,211.00990000000013
2024-10-26,-3840.3599999999997,5333.251046025105,-3121.7590336134454,86.87885572139305
2024-10-30,-898.242574257426,7558.878734177216,-1364.3281092436976,52.837241379310285
2024-10-31,1152.8350515463917,6634.176596638655,-492.41180672268905,89.24495049504935
2025-01-02,-2812.1649484536083,-1619.4134033613445,-492.41180672268905,-45.585049504950575
2025-01-04,-1322.3599999999997,-1372.4489539748952,-3121.7590336134454,192.84885572139308
2025-01-05,3437.926380368098,-1499.3018487394954,-3140.6997890295356,64.38218905472637
2025-01-08,893.757425742574,-1714.9412658227843,-1364.3281092436976,121.84724137931028
2025-01-09,-3037.1649484536083,-1819.473403361345,-492.41180672268905,141.10495049504948
2025-01-11,-2193.3599999999997,-1165.0589539748953,-3121.7590336134454,175.07885572139304
2025-01-13,-2893.92,-1833.1658403361344,-3256.51474789916,305.4882178217823
2025-01-15,85.75742574257401,-1605.201265822784,-1364.3281092436976,214.85724137931027
2025-01-16,-2033.1649484536083,-1791.3334033613446,-492.41180672268905,243.74495049504935
2025-01-18,6755.64,-1410.628953974895,-3121.7590336134454,254.67885572139306
2025-01-19,-2325.073619631902,-1560.4318487394955,-3140.6997890295356,52.42218905472636
2025-01-21,3720.6792452830186,-1376.0920083682004,-3133.726075949367,310.82633663366323
2025-01-22,1186.757425742574,-1220.5412658227842,-1364.3281092436976,286.63724137931024
2025-01-23,1187.8350515463917,-1307.5434033613446,-492.41180672268905,331.74495049504935
2025-01-25,1494.6400000000003,-880.3889539748952,-3121.7590336134454,182.50885572139305
2025-01-26,1633.9263803680979,-1591.1018487394954,-3140.6997890295356,-10.247810945273635
2025-01-27,-89.92000000000007,-4222.895840336135,-3256.51474789916,-703.2017821782177
2025-01-28,-604.3207547169814,-4966.692008368201,-3133.726075949367,-953.2236633663367
2025-01-29,-5036.242574257426,-5551.661265822784,-1364.3281092436976,-964.7227586206898
2025-01-30,-3543.1649484536083,-4863.4934033613445,-492.41180672268905,-968.8950495049505
2025-08-18,-2005.92,-2187.2058403361348,-3256.51474789916,-457.1117821782177
2025-08-20,1430.757425742574,-1623.8112658227847,-1364.3281092436976,185.62724137931025
2025-08-21,-442.1649484536083,-1599.9034033613443,-492.41180672268905,172.22495049504937
2025-08-23,1109.6400000000003,-1313.918953974895,-3121.7590336134454,47.83885572139303
2025-08-24,434.92638036809785,-1451.6918487394955,-3140.6997890295356,4.522189054726368
2025-08-25,3730.08,-1814.4258403361346,-3256.51474789916,207.92821782178237
2025-08-27,-804.242574257426,-1841.5312658227845,-1364.3281092436976,126.23724137931038
2025-08-28,-1714.1649484536083,-1821.6734033613448,-492.41180672268905,72.71495049504938
2025-08-30,-2035.3599999999997,-1565.6589539748952,-3121.7590336134454,-24.43114427860695
2025-08-31,-601.0736196319021,-1549.2018487394955,-3140.6997890295356,-3.3878109452736354
2025-09-03,-4045.242574257426,7680.558734177216,-1364.3281092436976,13.297241379310321
2025-09-04,1770.8350515463917,8466.426596638656,-492.41180672268905,35.70495049504939
2025-09-06,77.64000000000033,4882.8910460251045,-3121.7590336134454,-11.251144278606944
2025-09-07,2471.926380368098,5263.5381512605045,-3140.6997890295356,0.13218905472636777
2025-09-08,-1212.92,8635.404159663864,-3256.51474789916,195.9082178217824
2025-09-11,862.8350515463917,7814.196596638655,-492.41180672268905,81.09495049504949
2025-09-13,2081.6400000000003,4177.5210460251055,-3121.7590336134454,-54.73114427860693
2025-09-14,-518.0736196319021,4432.7481512605045,-3140.6997890295356,6.162189054726369
2025-09-16,-1980.3207547169814,8647.9379916318,-3133.726075949367,138.95633663366334
2025-09-17,-1628.242574257426,8998.438734177216,-1364.3281092436976,129.74724137931037
2025-09-18,2092.8350515463917,7687.646596638656,-492.41180672268905,33.71495049504938
2025-09-19,-2895.865168539326,8901.022352941176,-2838.3844725738395,192.57990000000007
2025-09-20,2091.6400000000003,8099.6010460251055,-3121.7590336134454,6.368855721393061
2025-09-24,594.757425742574,8791.498734177214,-1364.3281092436976,217.89724137931023
2025-09-25,-907.1649484536083,6567.346596638655,-492.41180672268905,-341.3150495049506
2025-09-27,7680.64,5618.841046025105,-3121.7590336134454,62.40885572139308
2025-10-01,864.757425742574,-1122.2512658227843,-1364.3281092436976,309.62724137931025
2025-10-04,-468.3599999999997,-2190.0989539748953,-3121.7590336134454,-162.95114427860693
2025-10-08,-628.242574257426,-4340.5112658227845,-1364.3281092436976,-908.5327586206897
2025-10-09,-4745.164948453608,-4077.6434033613446,-492.41180672268905,-879.3450495049506
2025-10-11,-169.35999999999967,-1450.898953974895,-3121.7590336134454,-23.991144278606953
2025-10-13,-4247.92,-2230.625840336135,-3256.51474789916,129.34821782178233
2025-10-15,-1094.242574257426,-1643.3812658227844,-1364.3281092436976,135.28724137931033
2025-10-16,-2612.1649484536083,-1904.4834033613447,-492.41180672268905,69.70495049504939
2025-10-19,-886.0736196319021,-1387.3018487394954,-3140.6997890295356,2.3721890547263627
2025-10-23,1377.8350515463917,-1599.3634033613444,-492.41180672268905,171.27495049504932
2025-10-25,-204.35999999999967,-1319.3689539748952,-3121.7590336134454,-18.301144278606955
2025-10-29,1180.757425742574,-1586.1912658227848,-1364.3281092436976,60.327241379310294
2025-11-01,2015.6400000000003,4934.191046025106,-3121.7590336134454,-84.79114427860694
2025-11-08,55.64000000000033,5365.1410460251045,1057.6109663865545,-100.93114427860695
2025-11-12,910.757425742574,8027.708734177216,1391.1018907563023,59.707241379310176
2025-11-13,-1513.1649484536083,8505.436596638654,657.988193277311,100.84495049504949
2025-11-15,-2277.3599999999997,4564.1410460251045,3664.580966386555,-60.551144278606955
2025-11-16,-402.07361963190215,5375.948151260504,3546.6002109704646,6.5921890547263615
2025-11-19,289.757425742574,8178.768734177215,1273.2918907563023,99.58724137931029
2025-11-20,-150.1649484536083,8507.956596638654,541.528193277311,162.91495049504942
2025-11-22,-270.3599999999997,5569.551046025106,3482.6409663865543,-15.651144278606921
2025-11-24,884.0799999999999,9413.134159663867,3093.18525210084,160.3582178217822
2025-11-26,3372.757425742574,9311.448734177215,1275.2018907563026,54.35724137931027
2025-11-27,2386.8350515463917,8578.646596638657,507.46819327731095,87.48495049504936
2025-11-29,1109.6400000000003,5224.0210460251055,3734.250966386555,-36.781144278606945
2025-12-03,2735.757425742574,9235.268734177214,1307.3918907563022,70.55724137931031
2025-12-04,-2217.1649484536083,8741.296596638655,608.6581932773108,71.8249504950495
2025-12-07,-1433.0736196319021,4803.428151260505,3303.580210970464,14.742189054726367
2025-12-11,5827.835051546392,8239.286596638656,562.988193277311,120.52495049504932
2025-12-12,-2155.865168539326,8025.572352941177,3362.5355274261606,156.08990000000006
2025-12-13,498.6400000000003,5493.781046025106,3584.7809663865546,-6.051144278606955
2025-12-14,-2442.073619631902,4840.558151260505,3162.6902109704647,7.542189054726364
2025-12-17,-384.242574257426,8246.608734177215,1232.0418907563023,184.49724137931037
2025-12-18,4359.835051546392,7758.406596638656,520.438193277311,171.66495049504942
2025-12-20,-2233.3599999999997,6264.6410460251045,3222.220966386554,4.528855721393086
2025-12-21,7467.926380368098,4906.738151260504,1880.870210970464,9.012189054726363
2025-12-23,-3237.3207547169814,7888.9879916318,1598.2439240506333,235.9963366336633
2025-12-24,1319.757425742574,5990.078734177215,836.5018907563024,119.85724137931027
2025-12-27,995.6400000000003,5081.691046025106,3275.6909663865545,33.06885572139305
2025-12-31,358.757425742574,5245.228734177216,1296.8118907563023,-247.3127586206897
