날짜,서컨물동량,남해2지선_가락IC-서부산TG_lag1,중앙선_대동IC-초정IC_lag5,남해선(순천-부산)_김해JC-동김해IC_lag7,부산신항선_대청IC-진해IC_lag7,부산신항선_남진례IC-대청IC_lag7,부산신항선_진해IC-남문대교_lag7
2024-03-09,-1667.8947368421052,-1266.0218487394955,-3256.51474789916,685.1034745762709,1279.233830845771,267.0,127.313432835821
2024-03-10,-1089.857142857143,-1643.025840336135,-3133.726075949367,354.08386554621836,757.8457711442788,1.542288557214306,25.865671641791096
2024-03-11,-1332.787234042553,-1443.452008368201,-1364.3281092436976,2126.842616033755,2463.8267326732675,1504.7524752475256,1001.6584158415844
2024-03-12,-1339.8315789473684,-1042.5112658227845,-492.41180672268905,2054.1817721518983,2460.148514851484,1520.1485148514857,1055.8613861386139
2024-03-13,90.74736842105267,-1106.353403361345,-2838.3844725738395,2152.5828691983115,1883.4285714285725,864.5467980295562,872.5566502463053
2024-03-14,-762.1702127659576,-846.937647058824,-3121.7590336134454,2037.0930672268905,1497.0891089108918,796.8910891089108,538.5693069306926
2024-03-15,-1561.4516129032259,-1027.9689539748952,-3140.6997890295356,2052.404621848739,880.2999999999993,979.2700000000004,545.8800000000001
2024-03-16,-1672.8947368421052,-1439.1818487394955,-3256.51474789916,665.0334745762711,204.23383084577108,213.0,47.313432835821004
2024-03-17,-1011.8571428571429,-1382.565840336135,-3133.726075949367,167.35386554621846,-688.1542288557212,-368.4577114427857,-25.134328358208904
2024-03-18,-1257.787234042553,-1454.8920083682005,-1364.3281092436976,1754.2926160337547,946.8267326732675,1033.7524752475256,805.6584158415844
2024-03-19,-1308.8315789473684,-1029.0012658227843,-492.41180672268905,1258.341772151898,432.1485148514839,725.1485148514857,624.8613861386139
2024-03-20,726.7473684210527,-1373.2934033613446,-2838.3844725738395,1951.0028691983116,1368.4285714285725,1359.5467980295562,1054.5566502463053
2024-03-21,-959.1702127659576,-1117.5876470588237,-3121.7590336134454,486.0230672268908,-568.9108910891082,149.89108910891082,365.5693069306926
2024-03-22,-605.4516129032259,-1299.168953974895,-3140.6997890295356,1467.85462184874,174.29999999999927,497.27000000000044,194.8800000000001
2024-03-23,-1529.8947368421052,-1405.8118487394954,-3256.51474789916,909.1034745762709,356.2338308457711,520.0,-169.686567164179
2024-03-24,-1105.857142857143,-1940.195840336135,-3133.726075949367,376.58386554621836,278.84577114427884,294.5422885572143,-18.134328358208904
2024-03-25,-1235.787234042553,-1819.582008368201,-1364.3281092436976,1990.4826160337552,494.82673267326754,628.7524752475256,332.65841584158443
2024-03-26,-1259.8315789473684,-1293.1812658227846,-492.41180672268905,2003.3017721518981,502.1485148514839,689.1485148514857,283.86138613861385
2024-03-27,-1332.2526315789473,-3322.8934033613446,-2838.3844725738395,595.6128691983113,-1339.5714285714275,-577.4532019704438,172.55665024630525
2024-03-28,-888.1702127659576,-1035.897647058824,-3121.7590336134454,1329.3130672268908,426.0891089108918,487.8910891089108,682.5693069306926
2024-03-29,312.54838709677415,-1080.228953974895,-3140.6997890295356,2266.0746218487393,995.2999999999993,972.2700000000004,791.8800000000001
2024-03-30,-1672.8947368421052,-1425.2418487394955,-3256.51474789916,857.0934745762711,50.23383084577108,308.0,210.313432835821
2024-03-31,-323.8571428571429,8653.084159663864,-3133.726075949367,332.33386554621836,-242.15422885572116,36.542288557214306,-31.134328358208904
2024-04-01,-1139.787234042553,7986.2579916318,-1364.3281092436976,1883.142616033755,1326.8267326732675,1286.7524752475256,1268.6584158415844
2024-04-02,-1398.8315789473684,5116.2787341772155,-492.41180672268905,2182.331772151899,1417.148514851484,1408.1485148514857,895.8613861386139
2024-04-03,-1294.2526315789473,7441.266596638655,-2838.3844725738395,-1710.0671308016886,-7418.5714285714275,-5547.453201970444,-4256.443349753695
2024-04-04,-1264.1702127659576,5784.682352941176,-3121.7590336134454,1705.3030672268906,401.0891089108918,472.8910891089108,557.5693069306926
2024-04-05,-1061.4516129032259,3776.7410460251044,-3140.6997890295356,1813.5446218487396,243.29999999999927,491.27000000000044,399.8800000000001
2024-04-06,-659.8947368421052,3111.268151260505,-3256.51474789916,1008.923474576271,-109.76616915422892,248.0,265.313432835821
2024-04-09,-1497.8315789473684,4701.2787341772155,-492.41180672268905,1294.251772151898,983.1485148514839,948.1485148514857,1008.8613861386139
2024-04-10,-1400.2526315789473,7459.2965966386555,-2838.3844725738395,1928.9728691983119,1122.4285714285725,1002.5467980295562,1078.5566502463053
2024-04-11,-1296.1702127659576,6781.892352941177,-3121.7590336134454,1773.3430672268905,763.0891089108918,1073.8910891089108,865.5693069306926
2024-04-12,-1273.4516129032259,4352.881046025106,-3140.6997890295356,1626.7946218487396,625.2999999999993,913.2700000000004,861.8800000000001
2024-04-13,-1673.8947368421052,3989.7981512605047,-3256.51474789916,440.68347457627124,-848.7661691542289,-228.0,440.313432835821
2024-04-14,-1277.857142857143,5705.934159663865,-3133.726075949367,320.2038655462185,-899.1542288557212,-321.4577114427857,36.865671641791096
2024-04-15,-456.7872340425531,6577.777991631799,-1364.3281092436976,1786.592616033755,1490.8267326732675,1487.7524752475256,1488.6584158415844
2024-04-16,-1353.8315789473684,7948.038734177216,-492.41180672268905,2125.5217721518984,876.1485148514839,1309.1485148514857,1165.8613861386139
2024-04-17,-1007.2526315789473,7279.606596638655,-2838.3844725738395,1622.3428691983117,744.4285714285725,1056.5467980295562,1201.5566502463053
2024-04-18,-881.1702127659576,7189.402352941177,-3121.7590336134454,1901.1630672268911,816.0891089108918,1139.8910891089108,1098.5693069306926
2024-04-19,-969.4516129032259,4307.931046025105,-3140.6997890295356,1543.6146218487393,447.2999999999993,757.2700000000004,840.8800000000001
2024-04-20,-1189.8947368421052,2878.938151260504,-3256.51474789916,862.7634745762712,218.23383084577108,515.0,347.313432835821
2024-04-22,-1299.787234042553,7046.447991631799,-1364.3281092436976,1286.1226160337546,305.82673267326754,695.7524752475256,1423.6584158415844
2024-04-23,-1369.8315789473684,7622.508734177215,-492.41180672268905,1815.131772151898,1548.148514851484,1380.1485148514857,1373.8613861386139
2024-04-24,-1469.2526315789473,6350.966596638656,-2838.3844725738395,-2299.3771308016885,-7435.5714285714275,-5848.453201970444,-3924.4433497536947
2024-04-25,-1213.1702127659576,6047.252352941176,-3121.7590336134454,2100.5430672268913,222.0891089108918,478.8910891089108,598.5693069306926
2024-04-26,-1724.4516129032259,4711.481046025105,-3140.6997890295356,2454.7046218487394,832.2999999999993,1025.2700000000004,781.8800000000001
2024-04-27,-910.8947368421052,5897.898151260505,-3256.51474789916,911.3734745762708,1670.233830845771,1794.0,279.313432835821
2024-04-28,-881.8571428571429,6300.414159663865,-3133.726075949367,55.153865546218526,-710.1542288557212,-217.4577114427857,-149.1343283582089
2024-04-29,88.21276595744689,5641.197991631799,-1364.3281092436976,-2585.7473839662453,-6110.1732673267325,-4467.247524752474,-3719.3415841584156
2024-04-30,-1497.8315789473684,-3574.9512658227845,-492.41180672268905,1871.0817721518988,536.1485148514839,722.1485148514857,1033.8613861386139
2024-05-01,-1230.2526315789473,-1293.4234033613448,-2838.3844725738395,2265.4028691983112,1097.4285714285725,1137.5467980295562,1408.5566502463053
2024-05-02,-736.1702127659576,-668.9576470588236,-3121.7590336134454,2130.4230672268905,802.0891089108918,880.8910891089108,1184.5693069306926
2024-05-03,-686.4516129032259,-905.418953974895,-3140.6997890295356,2176.26462184874,265.2999999999993,605.2700000000004,692.8800000000001
2024-05-04,-96.8947368421052,-1825.3518487394954,-3256.51474789916,790.3334745762709,-595.7661691542289,-278.0,317.313432835821
2024-05-05,-1762.857142857143,-3691.2658403361347,-3133.726075949367,153.27386554621842,-1056.1542288557212,-410.4577114427857,-40.134328358208904
2024-05-06,-1343.787234042553,-1896.642008368201,-1364.3281092436976,2225.3626160337553,1142.8267326732675,1189.7524752475256,1258.6584158415844
2024-05-07,-1149.8315789473684,-1253.2912658227842,-492.41180672268905,2412.7417721518987,1791.148514851484,1824.1485148514857,1154.8613861386139
2024-05-08,-1333.2526315789473,-1567.263403361345,-2838.3844725738395,-1737.3771308016885,-6499.5714285714275,-5103.453201970444,-3786.4433497536947
2024-05-09,-1382.1702127659576,-1015.3776470588236,-3121.7590336134454,2384.2230672268906,926.0891089108918,1292.8910891089108,1232.5693069306926
2024-05-10,-1563.4516129032259,-1213.8089539748953,-3140.6997890295356,2544.694621848739,599.2999999999993,1037.2700000000004,1100.88
2024-05-11,-1193.8947368421052,-1445.4918487394955,-3256.51474789916,1136.6434745762713,48.23383084577108,257.0,475.313432835821
2024-05-12,153.1428571428571,-1745.8058403361347,-3133.726075949367,379.0338655462184,-448.15422885572116,-138.4577114427857,-30.134328358208904
2024-05-13,-347.7872340425531,-1282.2320083682007,-1364.3281092436976,2390.6526160337553,687.8267326732675,917.7524752475256,862.6584158415844
2024-05-14,-417.83157894736837,-3010.4812658227847,-492.41180672268905,1961.8117721518984,405.1485148514839,816.1485148514857,774.8613861386139
2024-05-15,-1426.2526315789473,-1218.143403361345,-2838.3844725738395,2149.522869198311,577.4285714285725,754.5467980295562,806.5566502463053
2024-05-16,-673.1702127659576,-1178.1776470588238,-3121.7590336134454,2220.523067226891,411.0891089108918,763.8910891089108,736.5693069306926
2024-05-17,-711.4516129032259,-1000.0989539748953,-3140.6997890295356,1883.10462184874,718.2999999999993,1026.2700000000004,907.8800000000001
2024-05-18,-1673.8947368421052,-1348.0018487394955,-3256.51474789916,757.423474576271,-387.7661691542289,-4.0,200.313432835821
2024-05-19,-898.8571428571429,-1578.2258403361348,-3133.726075949367,188.5638655462185,-932.1542288557212,-363.4577114427857,-72.1343283582089
2024-05-20,-1335.787234042553,-1611.6920083682007,-1364.3281092436976,2040.1526160337553,562.8267326732675,698.7524752475256,1113.6584158415844
2024-05-21,608.1684210526316,-1637.2212658227845,-492.41180672268905,1863.8617721518985,93.14851485148392,458.14851485148574,745.8613861386139
2024-05-22,-1427.2526315789473,-1683.5234033613442,-2838.3844725738395,1808.6528691983112,22.428571428572468,435.54679802955616,552.5566502463053
2024-05-23,1997.8297872340424,-1206.847647058824,-3121.7590336134454,1315.3930672268907,9.08910891089181,448.8910891089108,526.5693069306926
2024-05-24,-1449.4516129032259,-1390.898953974895,-3140.6997890295356,1820.4546218487394,-487.7000000000007,28.270000000000437,412.8800000000001
2024-05-25,-981.8947368421052,-1499.4418487394955,-3256.51474789916,675.8634745762711,-575.7661691542289,-228.0,155.313432835821
2024-05-26,-1762.857142857143,-2104.9558403361348,-3133.726075949367,408.96386554621847,-713.1542288557212,-294.4577114427857,-2.1343283582089043
2024-05-27,-1241.787234042553,-1645.0720083682008,-1364.3281092436976,2867.632616033755,294.82673267326754,637.7524752475256,854.6584158415844
2024-05-28,-904.8315789473684,-1432.3312658227842,-492.41180672268905,3732.471772151898,701.1485148514839,973.1485148514857,1255.8613861386139
2024-05-29,-1470.2526315789473,-1881.6734033613448,-2838.3844725738395,3662.0028691983107,1686.4285714285725,1700.5467980295562,1392.5566502463053
2024-05-30,2276.8297872340427,-1458.227647058824,-3121.7590336134454,-1292.096932773109,-5718.910891089108,-4482.108910891089,-3659.4306930693074
2024-05-31,-150.45161290322585,1516.1510460251052,-3140.6997890295356,2821.0946218487397,-128.70000000000073,297.27000000000044,627.8800000000001
2024-06-01,329.1052631578948,-2544.3818487394956,-3256.51474789916,911.7034745762712,-1959.766169154229,-797.0,-244.686567164179
2024-06-02,2033.142857142857,-1582.025840336135,-3133.726075949367,480.36386554621856,-438.15422885572116,-6.457711442785694,-87.1343283582089
2024-06-03,-835.7872340425531,7375.1679916318,-1364.3281092436976,3535.022616033755,581.8267326732675,728.7524752475256,1000.6584158415844
2024-06-04,-677.8315789473684,4017.0287341772155,-492.41180672268905,3723.011772151899,750.1485148514839,854.1485148514857,953.8613861386139
2024-06-05,683.7473684210527,-2939.863403361345,-2838.3844725738395,3605.802869198312,204.42857142857247,539.5467980295562,479.55665024630525
2024-06-06,-425.17021276595756,-1784.0676470588237,-3121.7590336134454,3454.413067226891,-9.91089108910819,483.8910891089108,457.5693069306926
2024-06-07,-1173.4516129032259,-1668.298953974895,-3140.6997890295356,3643.7446218487394,352.2999999999993,888.2700000000004,918.8800000000001
2024-06-08,213.1052631578948,969.5581512605045,-3256.51474789916,1549.963474576271,-641.7661691542289,-219.0,-259.686567164179
2024-06-09,-1534.857142857143,-2420.6158403361346,-3133.726075949367,562.7638655462184,-254.15422885572116,-61.457711442785694,31.865671641791096
2024-06-10,-437.7872340425531,-1542.0320083682009,-1364.3281092436976,3496.852616033755,506.82673267326754,775.7524752475256,796.6584158415844
2024-06-11,2860.168421052632,-1453.741265822785,-492.41180672268905,3942.1517721518985,425.1485148514839,855.1485148514857,746.8613861386139
2024-06-12,-397.25263157894733,-2000.9934033613445,-2838.3844725738395,3700.0328691983113,467.42857142857247,991.5467980295562,726.5566502463053
2024-06-13,478.82978723404244,-1679.8376470588237,-3121.7590336134454,1798.1330672268905,218.0891089108918,732.8910891089108,673.5693069306926
2024-06-14,-1163.4516129032259,-873.7189539748952,-3140.6997890295356,312.5146218487398,-180.70000000000073,683.2700000000004,780.8800000000001
2024-06-15,-832.8947368421052,284.94815126050435,-3256.51474789916,-98.18652542372911,-1300.766169154229,-518.0,238.313432835821
2024-06-16,-1645.857142857143,4087.2441596638646,-3133.726075949367,144.3038655462185,-664.1542288557212,-235.4577114427857,-54.134328358208904
2024-06-17,4671.212765957447,6889.037991631799,-1364.3281092436976,1571.722616033755,854.8267326732675,1197.7524752475256,1034.6584158415844
2024-06-18,-1447.8315789473684,6451.138734177216,-492.41180672268905,1810.041772151898,683.1485148514839,1122.1485148514857,805.8613861386139
2024-06-19,-489.25263157894733,5824.726596638656,-2838.3844725738395,1928.9428691983112,850.4285714285725,1317.5467980295562,961.5566502463053
2024-06-20,-401.17021276595756,6372.672352941176,-3121.7590336134454,862.4830672268909,-148.9108910891082,584.8910891089108,606.5693069306926
2024-06-21,-1448.4516129032259,2460.591046025105,-3140.6997890295356,1402.5546218487398,-356.7000000000007,326.27000000000044,380.8800000000001
2024-06-22,-1672.8947368421052,3378.718151260505,-3256.51474789916,211.73347457627096,-1398.766169154229,-474.0,123.313432835821
2024-06-23,-1156.857142857143,6822.864159663865,-3133.726075949367,173.0538655462185,-1822.1542288557212,-1002.4577114427857,-169.1343283582089
2024-06-24,-1284.787234042553,6305.807991631799,-1364.3281092436976,1041.342616033755,-360.17326732673246,-13.247524752474419,480.65841584158443
2024-06-25,-1155.8315789473684,7737.048734177216,-492.41180672268905,-560.6282278481012,-1604.851485148516,-717.8514851485143,184.86138613861385
2024-06-26,510.74736842105267,6119.026596638655,-2838.3844725738395,941.1328691983117,-717.5714285714275,38.54679802955616,246.55665024630525
2024-06-27,535.8297872340424,6547.032352941176,-3121.7590336134454,1426.0830672268912,-290.9108910891082,272.8910891089108,247.56930693069262
2024-06-28,-1328.4516129032259,3452.111046025105,-3140.6997890295356,1287.9146218487394,-690.7000000000007,-56.72999999999956,235.8800000000001
2024-06-30,374.1428571428571,-2617.5358403361347,-3133.726075949367,95.84386554621847,-803.1542288557212,-295.4577114427857,-113.1343283582089
2024-07-01,822.2127659574469,-3270.572008368201,-1364.3281092436976,1174.7726160337552,25.826732673267543,483.7524752475256,683.6584158415844
2024-07-02,-842.8315789473684,-2126.0412658227847,-492.41180672268905,1043.8017721518981,-877.8514851485161,-92.85148514851426,220.86138613861385
2024-07-03,-1102.2526315789473,-1908.3734033613446,-2838.3844725738395,552.5328691983113,-1127.5714285714275,-14.453201970443843,89.55665024630525
2024-07-04,-847.1702127659576,-1753.8876470588239,-3121.7590336134454,722.823067226891,91.08910891089181,702.8910891089108,645.5693069306926
2024-07-05,-791.4516129032259,-1608.6989539748952,-3140.6997890295356,1187.8746218487395,260.2999999999993,730.2700000000004,595.8800000000001
2024-07-06,-506.8947368421052,-1484.5818487394954,-3256.51474789916,287.5534745762711,-436.7661691542289,-101.0,168.313432835821
2024-07-07,-198.8571428571429,-2281.1958403361346,-3133.726075949367,15.713865546218472,-1454.1542288557212,-571.4577114427857,-173.1343283582089
2024-07-08,667.2127659574469,-2475.6720083682007,-1364.3281092436976,758.5326160337545,-54.17326732673246,611.7524752475256,654.6584158415844
2024-07-09,556.1684210526316,-2433.9112658227846,-492.41180672268905,-244.11822784810192,-894.8514851485161,17.148514851485743,558.8613861386139
2024-07-10,-1276.2526315789473,-2343.9834033613447,-2838.3844725738395,930.4228691983117,30.428571428572468,573.5467980295562,643.5566502463053
2024-07-11,-1335.1702127659576,-1413.557647058824,-3121.7590336134454,682.4730672268906,-612.9108910891082,153.89108910891082,337.5693069306926
2024-07-12,-1553.4516129032259,-1516.7189539748952,-3140.6997890295356,344.4646218487396,-622.7000000000007,195.27000000000044,348.8800000000001
2024-07-13,-1633.8947368421052,-1740.0418487394954,-3256.51474789916,153.5934745762711,-563.7661691542289,-38.0,121.313432835821
2024-07-15,-1135.787234042553,-3008.7720083682007,-1364.3281092436976,1943.6526160337553,773.8267326732675,1160.7524752475256,952.6584158415844
2024-07-16,653.1684210526316,-1852.2512658227847,-492.41180672268905,1785.9417721518985,738.1485148514839,1146.1485148514857,1073.8613861386139
2024-07-17,357.74736842105267,-2124.7834033613444,-2838.3844725738395,1229.0028691983116,-134.57142857142753,726.5467980295562,701.5566502463053
2024-07-18,-1387.1702127659576,-1727.0276470588237,-3121.7590336134454,1469.9330672268907,266.0891089108918,918.8910891089108,532.5693069306926
2024-07-19,-1724.4516129032259,-1600.3489539748953,-3140.6997890295356,1272.8346218487395,288.2999999999993,935.2700000000004,921.8800000000001
2024-07-20,-703.8947368421052,-1549.0718487394954,-3256.51474789916,250.37347457627084,-245.76616915422892,272.0,465.313432835821
2024-07-21,-1055.857142857143,-1981.3358403361344,-3133.726075949367,125.13386554621843,-206.15422885572116,101.5422885572143,7.865671641791096
2024-07-22,-1092.787234042553,-1817.3020083682004,-1364.3281092436976,851.762616033755,-35.17326732673246,449.7524752475256,529.6584158415844
2024-07-23,-1291.8315789473684,-1922.0412658227847,-492.41180672268905,616.7317721518984,-1323.851485148516,-582.8514851485143,-239.13861386138615
2024-07-24,-844.2526315789473,-2235.803403361345,-2838.3844725738395,-51.837130801688545,-2052.5714285714275,-1212.4532019704438,-675.4433497536947
2024-07-25,752.8297872340424,-1382.557647058824,-3121.7590336134454,-869.4969327731087,-2926.910891089108,-1955.1089108910892,-1343.4306930693074
2024-07-26,-184.45161290322585,-1525.2489539748954,-3140.6997890295356,-1403.2253781512604,-5846.700000000001,-4071.7299999999996,-2132.12
2024-07-27,4891.105263157895,-1673.6818487394953,-3256.51474789916,-473.74652542372905,-646.7661691542289,-183.0,-156.686567164179
2024-07-28,-1727.857142857143,-1771.0858403361344,-3133.726075949367,28.903865546218526,-387.15422885572116,58.542288557214306,-129.1343283582089
2024-07-29,-1237.787234042553,-1517.1720083682012,-1364.3281092436976,755.1326160337549,-1060.1732673267325,-261.2475247524744,-320.34158415841557
2024-07-30,114.16842105263163,-1796.6912658227843,-492.41180672268905,1257.5717721518986,-749.8514851485161,170.14851485148574,-307.13861386138615
2024-07-31,-628.2526315789473,6462.596596638655,-2838.3844725738395,1026.4728691983119,-901.5714285714275,88.54679802955616,-373.44334975369475
2024-08-01,577.8297872340424,2597.682352941176,-3121.7590336134454,1096.903067226891,-298.9108910891082,500.8910891089108,112.56930693069262
2024-08-02,-1515.4516129032259,1768.3010460251048,-3140.6997890295356,1131.6746218487397,-222.70000000000073,523.2700000000004,328.8800000000001
2024-08-03,-1174.8947368421052,3851.0681512605042,-3256.51474789916,244.96347457627098,-554.7661691542289,20.0,-13.686567164178996
2024-08-04,442.1428571428571,6171.4541596638655,-3133.726075949367,105.24386554621844,-586.1542288557212,-143.4577114427857,-80.1343283582089
2024-08-05,-1223.787234042553,5777.0779916318,-1364.3281092436976,1729.0426160337547,755.8267326732675,1185.7524752475256,846.6584158415844
2024-08-06,178.16842105263163,6205.828734177215,-492.41180672268905,1969.9317721518983,747.1485148514839,1270.1485148514857,1062.8613861386139
2024-08-07,686.7473684210527,6827.096596638655,-2838.3844725738395,1769.8628691983113,1745.4285714285725,2027.5467980295562,985.5566502463053
2024-08-08,234.82978723404244,6324.3323529411755,-3121.7590336134454,-2424.3969327731093,-6015.910891089108,-4722.108910891089,-3538.4306930693074
2024-08-09,-1349.4516129032259,5106.071046025105,-3140.6997890295356,906.5846218487395,-895.7000000000007,-207.72999999999956,129.8800000000001
2024-08-10,2489.105263157895,3567.2081512605046,-3256.51474789916,246.75347457627095,-404.7661691542289,49.0,286.313432835821
2024-08-11,-16.85714285714289,7197.504159663865,-3133.726075949367,141.4338655462185,-314.15422885572116,14.542288557214306,-84.1343283582089
2024-08-12,-1253.787234042553,7021.9979916318,-1364.3281092436976,1814.392616033755,1003.8267326732675,1374.7524752475256,1130.6584158415844
2024-08-13,3233.168421052632,6962.608734177215,-492.41180672268905,1337.1417721518983,-4236.851485148516,-2070.8514851485143,-873.1386138613861
2024-08-14,-439.25263157894733,4788.706596638655,-2838.3844725738395,960.4328691983119,-518.5714285714275,223.54679802955616,577.5566502463053
2024-08-15,-1500.1702127659576,6369.182352941176,-3121.7590336134454,1223.743067226891,-305.9108910891082,298.8910891089108,593.5693069306926
2024-08-16,-29.45161290322585,4275.701046025104,-3140.6997890295356,1646.60462184874,407.2999999999993,913.2700000000004,932.8800000000001
2024-08-17,4318.105263157895,3966.898151260504,-3256.51474789916,471.5234745762709,-483.7661691542289,128.0,235.313432835821
2024-08-18,5188.142857142857,7360.544159663866,-3133.726075949367,182.5638655462185,-514.1542288557212,21.542288557214306,-54.134328358208904
2024-08-19,-791.7872340425531,6191.4179916318,-1364.3281092436976,1801.102616033755,567.8267326732675,1078.7524752475256,1053.6584158415844
2024-08-20,-155.83157894736837,5739.608734177215,-492.41180672268905,1724.4917721518987,217.14851485148392,824.1485148514857,900.8613861386139
2024-08-21,-329.25263157894733,5732.466596638656,-2838.3844725738395,1556.5528691983118,18.428571428572468,700.5467980295562,796.5566502463053
2024-08-23,-1021.4516129032259,4406.301046025106,-3140.6997890295356,1619.9246218487397,-3757.7000000000007,-2305.7299999999996,-822.1199999999999
2024-08-24,-421.8947368421052,3605.968151260505,-3256.51474789916,434.13347457627106,-527.7661691542289,62.0,124.313432835821
2024-08-25,1399.142857142857,7286.974159663866,-3133.726075949367,218.22386554621846,-523.1542288557212,-99.4577114427857,-18.134328358208904
2024-08-26,157.2127659574469,6105.787991631799,-1364.3281092436976,1920.302616033755,-169.17326732673246,295.7524752475256,542.6584158415844
2024-08-27,-988.8315789473684,6640.978734177216,-492.41180672268905,1811.8517721518983,-210.85148514851608,388.14851485148574,598.8613861386139
2024-08-28,-129.25263157894733,6348.396596638656,-2838.3844725738395,1794.1628691983115,77.42857142857247,720.5467980295562,781.5566502463053
2024-08-29,-1508.1702127659576,4946.062352941177,-3121.7590336134454,1591.2130672268904,372.0891089108918,948.8910891089108,1077.5693069306926
2024-08-30,1937.5483870967741,3634.3210460251053,-3140.6997890295356,2037.6246218487395,617.2999999999993,1123.2700000000004,1025.88
2024-08-31,-1672.8947368421052,2995.3181512605042,-3256.51474789916,733.4334745762712,-214.76616915422892,290.0,442.313432835821
2024-09-02,2447.212765957447,6028.387991631799,-1364.3281092436976,2307.9926160337545,1305.8267326732675,1757.7524752475256,1442.6584158415844
2024-09-03,-23.83157894736837,7268.688734177215,-492.41180672268905,2183.831772151899,1209.148514851484,1742.1485148514857,1415.8613861386139
2024-09-04,-390.25263157894733,6614.706596638655,-2838.3844725738395,1603.5428691983116,1312.4285714285725,1757.5467980295562,1453.5566502463053
2024-09-05,-479.17021276595756,5346.602352941176,-3121.7590336134454,2246.5930672268905,1168.0891089108918,1704.8910891089108,1103.5693069306926
2024-09-06,-1528.4516129032259,4001.051046025105,-3140.6997890295356,1420.0546218487398,1302.2999999999993,1670.2700000000004,1183.88
2024-09-07,-1673.8947368421052,3103.1581512605044,-3256.51474789916,284.713474576271,-305.7661691542289,406.0,5.313432835821004
2024-09-08,-1315.857142857143,7551.334159663865,-3133.726075949367,13.603865546218458,1910.8457711442788,1266.5422885572143,-36.134328358208904
2024-09-09,612.2127659574469,7937.517991631798,-1364.3281092436976,-4036.9773839662453,-5964.1732673267325,-4954.247524752474,-4458.341584158416
2024-09-10,726.1684210526316,5883.0287341772155,-492.41180672268905,-4854.338227848101,-5857.851485148516,-4606.851485148514,-5047.138613861386
2024-09-11,933.7473684210527,6615.696596638655,-2838.3844725738395,-3918.9271308016887,-5116.5714285714275,-4088.453201970444,-4540.443349753695
2024-09-12,-407.17021276595756,5398.382352941177,-3121.7590336134454,566.2430672268911,-2021.9108910891082,-967.1089108910892,-353.4306930693074
2024-09-13,739.5483870967741,3354.721046025105,-3140.6997890295356,1015.3246218487393,-1336.7000000000007,-404.72999999999956,820.8800000000001
2024-09-14,-1440.8947368421052,-1118.6818487394955,-3256.51474789916,-455.1965254237289,-3670.766169154229,-1142.0,-182.686567164179
2024-09-15,-106.85714285714289,-4556.315840336135,-3133.726075949367,230.6838655462185,-2038.1542288557212,-1113.4577114427857,-2.1343283582089043
2024-09-16,-908.7872340425531,-5624.502008368201,-1364.3281092436976,1994.0326160337545,367.82673267326754,1015.7524752475256,896.6584158415844
2024-09-17,-22.83157894736837,1456.1487341772154,-492.41180672268905,2037.7617721518982,690.1485148514839,1248.1485148514857,979.8613861386139
2024-09-19,-1291.1702127659576,5901.002352941176,-3121.7590336134454,1506.2230672268906,448.0891089108918,1020.8910891089108,821.5693069306926
2024-09-21,-1673.8947368421052,4175.238151260504,-3256.51474789916,963.213474576271,414.2338308457711,978.0,1048.313432835821
2024-09-22,-1762.857142857143,6841.654159663864,-3133.726075949367,389.9238655462185,-493.15422885572116,-123.4577114427857,102.8656716417911
2024-09-23,-666.7872340425531,6706.9879916318,-1364.3281092436976,1971.2026160337546,2254.8267326732675,2462.7524752475256,1813.6584158415844
2024-09-25,-959.2526315789473,7026.436596638655,-2838.3844725738395,2141.1628691983115,1108.4285714285725,1485.5467980295562,1346.5566502463053
2024-09-26,-1139.1702127659576,6590.802352941177,-3121.7590336134454,-2116.866932773109,-7392.910891089108,-5339.108910891089,-3850.4306930693074
2024-09-27,637.5483870967741,4400.2710460251055,-3140.6997890295356,1245.4946218487394,-477.7000000000007,240.27000000000044,645.8800000000001
2024-09-28,-394.8947368421052,4581.778151260504,-3256.51474789916,678.8534745762709,-196.76616915422892,352.0,389.313432835821
2024-09-29,158.1428571428571,7159.764159663865,-3133.726075949367,270.0538655462184,-1043.1542288557212,-318.4577114427857,-114.1343283582089
2024-09-30,952.2127659574469,5411.227991631799,-1364.3281092436976,1671.9626160337548,-95.17326732673246,663.7524752475256,581.6584158415844
2024-10-01,-1300.8315789473684,7905.398734177216,-492.41180672268905,2042.0117721518982,1242.148514851484,1542.1485148514857,1024.8613861386139
2024-10-02,3719.7473684210527,4416.946596638655,-2838.3844725738395,-1377.0671308016886,-6336.5714285714275,-4841.453201970444,-3291.4433497536947
2024-10-03,-1537.1702127659576,7174.262352941176,-3121.7590336134454,1746.283067226891,555.0891089108918,1163.8910891089108,959.5693069306926
2024-10-04,-603.4516129032259,4136.711046025104,-3140.6997890295356,2024.9646218487396,1065.2999999999993,1491.2700000000004,1106.88
2024-10-05,-1365.8947368421052,3783.9881512605043,-3256.51474789916,805.3234745762711,-347.7661691542289,579.0,-128.686567164179
2024-10-06,-1618.857142857143,7136.994159663865,-3133.726075949367,348.75386554621844,-301.15422885572116,435.5422885572143,-73.1343283582089
2024-10-07,2489.212765957447,7278.1679916318,-1364.3281092436976,1828.142616033755,773.8267326732675,1269.7524752475256,952.6584158415844
2024-10-08,-1344.8315789473684,4255.458734177216,-492.41180672268905,687.921772151898,176.14851485148392,994.1485148514857,819.8613861386139
2024-10-09,-1365.2526315789473,7733.526596638655,-2838.3844725738395,1895.7628691983118,447.42857142857247,1026.5467980295562,695.5566502463053
2024-10-10,366.82978723404244,6674.552352941177,-3121.7590336134454,1962.6330672268905,280.0891089108918,771.8910891089108,726.5693069306926
2024-10-11,-756.4516129032259,4080.511046025105,-3140.6997890295356,1339.1646218487394,-973.7000000000007,233.27000000000044,328.8800000000001
2024-10-12,-1501.8947368421052,4011.638151260505,-3256.51474789916,528.423474576271,-1279.766169154229,-293.0,-75.686567164179
2024-10-13,-1490.857142857143,7532.494159663865,-3133.726075949367,438.73386554621845,-636.1542288557212,-52.457711442785694,-86.1343283582089
2024-10-14,1319.212765957447,5104.5679916317995,-1364.3281092436976,1986.012616033755,800.8267326732675,1321.7524752475256,1057.6584158415844
2024-10-15,-760.8315789473684,7313.848734177215,-492.41180672268905,-310.1182278481019,-1293.851485148516,-85.85148514851426,69.86138613861385
2024-10-20,373.1428571428571,7407.214159663866,-3133.726075949367,390.8538655462186,-625.1542288557212,-9.457711442785694,-21.134328358208904
2024-10-21,-273.7872340425531,4087.7579916318,-1364.3281092436976,1894.302616033755,-126.17326732673246,606.7524752475256,323.65841584158443
2024-10-24,-1748.1702127659576,6934.672352941176,-3121.7590336134454,1436.4830672268909,-131.9108910891082,560.8910891089108,358.5693069306926
2024-12-24,3332.168421052632,7110.398734177216,-492.41180672268905,518.421772151898,-14354.851485148516,-9760.851485148514,-5399.138613861386
2024-12-25,916.7473684210527,9533.176596638656,-2838.3844725738395,-3966.5871308016885,-8804.571428571428,-6911.453201970444,-4872.443349753695
2024-12-26,1485.8297872340424,7682.452352941176,-3121.7590336134454,419.073067226891,-1946.9108910891082,-1142.1089108910892,91.56930693069262
2024-12-27,-386.45161290322585,6501.311046025105,-3140.6997890295356,1251.2146218487396,-1030.7000000000007,-434.72999999999956,1004.8800000000001
2024-12-28,-595.8947368421052,4718.668151260505,-3256.51474789916,254.5934745762711,-2029.766169154229,-1307.0,558.313432835821
2024-12-29,-1012.8571428571429,8203.374159663865,-3133.726075949367,126.62386554621844,-1717.1542288557212,-983.4577114427857,302.8656716417911
2024-12-30,-630.7872340425531,5504.127991631799,-1364.3281092436976,1538.4626160337548,-337.17326732673246,163.75247524752558,1137.6584158415844
2024-12-31,-1034.8315789473684,-4297.271265822785,-492.41180672268905,1292.5617721518984,-472.8514851485161,144.14851485148574,976.8613861386139
2025-01-01,2624.7473684210527,-1619.4134033613445,-2838.3844725738395,1145.0328691983113,-907.5714285714275,-224.45320197044384,886.5566502463053
2025-01-02,3206.8297872340427,-1307.7176470588238,-3121.7590336134454,989.2430672268911,-1080.9108910891082,-328.1089108910892,686.5693069306926
2025-01-04,-492.8947368421052,-1499.3018487394954,-3256.51474789916,784.9734745762712,-1522.766169154229,-914.0,658.313432835821
2025-01-06,208.2127659574469,-1779.0920083682004,-1364.3281092436976,3044.172616033755,396.82673267326754,685.7524752475256,1542.6584158415844
2025-01-07,237.16842105263163,-1714.9412658227843,-492.41180672268905,3272.421772151899,-12.851485148516076,442.14851485148574,1277.8613861386139
2025-01-08,109.74736842105267,-1819.473403361345,-2838.3844725738395,3324.692869198311,-202.57142857142753,279.54679802955616,1319.5566502463053
2025-01-09,-1019.1702127659576,-1499.397647058824,-3121.7590336134454,3002.6330672268905,-51.91089108910819,524.8910891089108,1333.5693069306926
2025-01-10,474.54838709677415,-1165.0589539748953,-3140.6997890295356,3236.3446218487397,-398.7000000000007,149.27000000000044,1154.88
2025-01-11,28.105263157894797,-1390.7418487394955,-3256.51474789916,1205.063474576271,-1102.766169154229,-440.0,875.313432835821
2025-01-12,-1021.8571428571429,-1833.1658403361344,-3133.726075949367,406.86386554621856,-1247.1542288557212,-734.4577114427857,311.8656716417911
2025-01-13,-355.7872340425531,-1394.9320083682005,-1364.3281092436976,3639.8626160337553,968.8267326732675,1312.7524752475256,1948.6584158415844
2025-01-14,-1398.8315789473684,-1605.201265822784,-492.41180672268905,3625.9417721518976,1162.148514851484,1559.1485148514857,1777.8613861386139
2025-01-15,-868.2526315789473,-1791.3334033613446,-2838.3844725738395,3792.762869198311,1036.4285714285725,1522.5467980295562,1668.5566502463053
2025-01-16,698.8297872340424,-1367.4576470588236,-3121.7590336134454,3785.413067226891,1405.0891089108918,1802.8910891089108,1902.5693069306926
2025-01-18,264.1052631578948,-1560.4318487394955,-3256.51474789916,1324.093474576271,-381.7661691542289,547.0,980.313432835821
2025-01-20,-761.7872340425531,-1376.0920083682004,-1364.3281092436976,-2019.9173839662453,-5668.1732673267325,-4247.247524752474,-3310.3415841584156
2025-01-21,-236.83157894736837,-1220.5412658227842,-492.41180672268905,-4271.198227848102,-8195.851485148516,-6316.851485148514,-5012.138613861386
2025-01-22,-248.25263157894733,-1307.5434033613446,-2838.3844725738395,-4715.247130801688,-7371.5714285714275,-5435.453201970444,-5241.443349753695
2025-01-23,1134.8297872340424,-1016.7376470588233,-3121.7590336134454,-4178.826932773109,-6889.910891089108,-5384.108910891089,-4853.430693069307
2025-01-24,455.54838709677415,-880.3889539748952,-3140.6997890295356,436.55462184873977,-4092.7000000000007,-2724.7299999999996,-480.1199999999999
2025-08-11,-392.7872340425531,-2944.802008368201,-1364.3281092436976,-4799.907383966245,-9675.173267326732,-6057.247524752474,-2852.3415841584156
2025-08-12,-119.83157894736837,-2148.3412658227844,-492.41180672268905,-5158.188227848102,275.1485148514839,928.1485148514857,1336.8613861386139
2025-08-13,49.74736842105267,-1659.6134033613444,-2838.3844725738395,-5069.457130801688,158.42857142857247,922.5467980295562,1369.5566502463053
2025-08-14,-152.17021276595756,-2852.1276470588236,-3121.7590336134454,-5306.766932773109,-303.9108910891082,739.8910891089108,1213.5693069306926
2025-08-15,-117.45161290322585,-1616.8689539748952,-3140.6997890295356,-5106.49537815126,-384.7000000000007,487.27000000000044,1078.88
2025-08-16,846.1052631578948,-1416.8418487394954,-3256.51474789916,-2319.116525423729,-1120.766169154229,-415.0,244.313432835821
2025-08-17,947.1428571428571,-2187.2058403361348,-3133.726075949367,-813.0361344537815,-1335.1542288557212,-581.4577114427857,-65.1343283582089
2025-08-19,-84.83157894736837,-1623.8112658227847,-492.41180672268905,-5158.188227848102,-369.8514851485161,472.14851485148574,763.8613861386139
2025-08-21,1017.8297872340424,-1403.2876470588235,-3121.7590336134454,-5306.766932773109,-413.9108910891082,499.8910891089108,811.5693069306926
2025-08-22,1354.5483870967741,-1313.918953974895,-3140.6997890295356,-5106.49537815126,-819.7000000000007,115.27000000000044,775.8800000000001
2025-08-23,-60.8947368421052,-1451.6918487394955,-3256.51474789916,-2319.116525423729,-1446.766169154229,-560.0,-310.686567164179
2025-08-24,-942.8571428571429,-1814.4258403361346,-3133.726075949367,-813.0361344537815,-1780.1542288557212,-879.4577114427857,-154.1343283582089
2025-08-25,-845.7872340425531,-1819.0920083682004,-1364.3281092436976,-4799.907383966245,-1589.1732673267325,-567.2475247524744,388.65841584158443
2025-08-26,-352.83157894736837,-1841.5312658227845,-492.41180672268905,-5158.188227848102,-1417.851485148516,-464.85148514851426,337.86138613861385
2025-08-27,835.7473684210527,-1821.6734033613448,-2838.3844725738395,-5069.457130801688,-728.5714285714275,124.54679802955616,678.5566502463053
2025-08-28,-286.17021276595756,-1572.2576470588237,-3121.7590336134454,-5306.766932773109,-952.9108910891082,16.89108910891082,460.5693069306926
2025-08-29,2185.548387096774,-1565.6589539748952,-3140.6997890295356,-5106.49537815126,-1280.7000000000007,-324.72999999999956,537.8800000000001
2025-08-30,245.1052631578948,-1549.2018487394955,-3256.51474789916,-2319.116525423729,-1545.766169154229,-542.0,-207.686567164179
2025-08-31,1011.1428571428571,6571.164159663865,-3133.726075949367,-813.0361344537815,-1603.1542288557212,-765.4577114427857,-72.1343283582089
2025-09-01,505.2127659574469,6570.6779916318,-1364.3281092436976,-4799.907383966245,-78.17326732673246,670.7524752475256,861.6584158415844
2025-09-02,571.1684210526316,7680.558734177216,-492.41180672268905,-5158.188227848102,-1197.851485148516,-221.85148514851426,711.8613861386139
2025-09-03,2404.7473684210527,8466.426596638656,-2838.3844725738395,-5069.457130801688,-627.5714285714275,145.54679802955616,916.5566502463053
2025-09-04,493.82978723404244,7764.262352941176,-3121.7590336134454,-5306.766932773109,-628.9108910891082,182.89108910891082,1062.5693069306926
2025-09-05,-1684.4516129032259,4882.8910460251045,-3140.6997890295356,-5106.49537815126,-917.7000000000007,-59.72999999999956,939.8800000000001
2025-09-06,-1662.8947368421052,5263.5381512605045,-3256.51474789916,-2319.116525423729,-2539.766169154229,-1320.0,-179.686567164179
2025-09-07,-105.85714285714289,8635.404159663864,-3133.726075949367,-813.0361344537815,-1178.1542288557212,-457.4577114427857,-1.1343283582089043
2025-09-08,811.2127659574469,6660.1579916318,-1364.3281092436976,-4799.907383966245,-260.17326732673246,363.7524752475256,860.6584158415844
2025-09-09,-111.83157894736837,6743.658734177215,-492.41180672268905,-5158.188227848102,-600.8514851485161,106.14851485148574,984.8613861386139
2025-09-10,2776.7473684210527,7814.196596638655,-2838.3844725738395,-5069.457130801688,-783.5714285714275,248.54679802955616,746.5566502463053
2025-09-11,454.82978723404244,6480.992352941177,-3121.7590336134454,-5306.766932773109,-1011.9108910891082,-340.1089108910892,793.5693069306926
2025-09-12,643.5483870967741,4177.5210460251055,-3140.6997890295356,-5106.49537815126,-582.7000000000007,223.27000000000044,992.8800000000001
2025-09-13,-30.894736842105203,4432.7481512605045,-3256.51474789916,-2319.116525423729,-1638.766169154229,-477.0,-8.686567164178996
2025-09-14,-466.8571428571429,8215.774159663866,-3133.726075949367,-813.0361344537815,-1257.1542288557212,-408.4577114427857,61.865671641791096
2025-09-15,3321.212765957447,8647.9379916318,-1364.3281092436976,-4799.907383966245,471.82673267326754,1349.7524752475256,1528.6584158415844
2025-09-16,-285.83157894736837,8998.438734177216,-492.41180672268905,-5158.188227848102,309.1485148514839,1059.1485148514857,1379.8613861386139
2025-09-17,662.7473684210527,7687.646596638656,-2838.3844725738395,-5069.457130801688,142.42857142857247,932.5467980295562,1337.5566502463053
2025-09-18,1616.8297872340424,8901.022352941176,-3121.7590336134454,-5306.766932773109,-7345.910891089108,-4675.108910891089,-1884.4306930693074
2025-09-19,102.54838709677415,8099.6010460251055,-3140.6997890295356,-5106.49537815126,-331.7000000000007,405.27000000000044,1231.88
2025-09-20,61.1052631578948,4660.378151260505,-3256.51474789916,-2319.116525423729,-1126.766169154229,-237.0,282.313432835821
2025-09-21,830.1428571428571,8820.714159663865,-3133.726075949367,-813.0361344537815,-1391.1542288557212,-432.4577114427857,45.865671641791096
2025-09-22,1218.212765957447,8728.987991631799,-1364.3281092436976,-4799.907383966245,1190.8267326732675,1682.7524752475256,1831.6584158415844
2025-09-23,-230.83157894736837,8791.498734177214,-492.41180672268905,-5158.188227848102,804.1485148514839,1533.1485148514857,1627.8613861386139
2025-09-24,68.74736842105267,6567.346596638655,-2838.3844725738395,-5069.457130801688,1180.4285714285725,1734.5467980295562,2003.5566502463053
2025-09-25,-608.1702127659576,8765.542352941176,-3121.7590336134454,-5306.766932773109,-319.9108910891082,554.8910891089108,517.5693069306926
2025-09-26,828.5483870967741,5618.841046025105,-3140.6997890295356,-5106.49537815126,-8369.7,-5712.73,-3788.12
2025-09-27,409.1052631578948,5454.938151260504,-3256.51474789916,-2319.116525423729,-585.7661691542289,216.0,-232.686567164179
2025-09-28,-286.8571428571429,9848.764159663864,-3133.726075949367,-813.0361344537815,766.8457711442788,624.5422885572143,-105.1343283582089
2025-09-29,917.2127659574469,8640.007991631799,-1364.3281092436976,-4799.907383966245,-6627.1732673267325,-4596.247524752474,-4619.341584158416
2025-09-30,-959.8315789473684,-1122.2512658227843,-492.41180672268905,-5158.188227848102,-5865.851485148516,-4632.851485148514,-4734.138613861386
2025-10-01,-950.2526315789473,-1839.2834033613444,-2838.3844725738395,-5069.457130801688,-7907.5714285714275,-5827.453201970444,-4904.443349753695
2025-10-02,977.8297872340424,-3529.217647058824,-3121.7590336134454,-5306.766932773109,-8931.910891089108,-6399.108910891089,-4792.430693069307
2025-10-03,296.54838709677415,-2190.0989539748953,-3140.6997890295356,-5106.49537815126,-4597.700000000001,-3164.7299999999996,-981.1199999999999
2025-10-04,1834.1052631578948,-1883.4318487394953,-3256.51474789916,-2319.116525423729,-2306.766169154229,-1071.0,-149.686567164179
2025-10-05,-270.8571428571429,-5864.035840336135,-3133.726075949367,-813.0361344537815,-1994.1542288557212,-875.4577114427857,23.865671641791096
2025-10-06,569.2127659574469,-5089.572008368201,-1364.3281092436976,-4799.907383966245,-332.17326732673246,530.7524752475256,1087.6584158415844
2025-10-07,425.16842105263163,-4340.5112658227845,-492.41180672268905,-5158.188227848102,-1008.8514851485161,262.14851485148574,877.8613861386139
2025-10-08,1276.7473684210527,-4077.6434033613446,-2838.3844725738395,-5069.457130801688,100.42857142857247,846.5467980295562,1391.5566502463053
2025-10-09,422.82978723404244,-1811.9476470588238,-3121.7590336134454,-5306.766932773109,-296.9108910891082,723.8910891089108,1089.5693069306926
2025-10-10,1090.5483870967741,-1450.898953974895,-3140.6997890295356,-5106.49537815126,-1045.7000000000007,124.27000000000044,884.8800000000001
2025-10-11,-390.8947368421052,-1354.0618487394954,-3256.51474789916,-2319.116525423729,-2146.766169154229,-766.0,188.313432835821
2025-10-12,-1267.857142857143,-2230.625840336135,-3133.726075949367,-813.0361344537815,-1581.1542288557212,-660.4577114427857,64.8656716417911
2025-10-13,-42.78723404255311,-2298.0420083682006,-1364.3281092436976,-4799.907383966245,-15.173267326732457,748.7524752475256,1684.6584158415844
2025-10-14,-320.83157894736837,-1643.3812658227844,-492.41180672268905,-5158.188227848102,117.14851485148392,821.1485148514857,1670.8613861386139
2025-10-15,401.74736842105267,-1904.4834033613447,-2838.3844725738395,-5069.457130801688,-29.571428571427532,791.5467980295562,1744.5566502463053
2025-10-16,-501.17021276595756,-1138.847647058824,-3121.7590336134454,-5306.766932773109,-484.9108910891082,674.8910891089108,1115.5693069306926
2025-10-17,-851.4516129032259,-1668.8289539748953,-3140.6997890295356,-5106.49537815126,-585.7000000000007,426.27000000000044,1097.88
2025-10-18,-838.8947368421052,-1387.3018487394954,-3256.51474789916,-2319.116525423729,-1541.766169154229,-297.0,84.313432835821
2025-10-19,104.14285714285711,-1701.2158403361345,-3133.726075949367,-813.0361344537815,-1129.1542288557212,-132.4577114427857,126.8656716417911
2025-10-20,32.21276595744689,-1848.0920083682004,-1364.3281092436976,-4799.907383966245,38.82673267326754,959.7524752475256,1212.6584158415844
2025-10-22,396.74736842105267,-1599.3634033613444,-2838.3844725738395,-5069.457130801688,-512.5714285714275,364.54679802955616,1122.5566502463053
2025-10-24,-267.45161290322585,-1319.3689539748952,-3140.6997890295356,-5106.49537815126,-1283.7000000000007,-117.72999999999956,702.8800000000001
2025-10-25,924.1052631578948,-1401.1018487394954,-3256.51474789916,-2319.116525423729,-1743.766169154229,-488.0,-389.686567164179
2025-10-26,678.1428571428571,-1953.525840336135,-3133.726075949367,-813.0361344537815,-1236.1542288557212,-343.4577114427857,-95.1343283582089
2025-10-27,-768.7872340425531,-1762.872008368201,-1364.3281092436976,-4799.907383966245,-677.1732673267325,165.75247524752558,675.6584158415844
2025-10-28,-452.83157894736837,-1586.1912658227848,-492.41180672268905,-5158.188227848102,-1215.851485148516,-213.85148514851426,167.86138613861385
2025-10-29,1772.7473684210527,-1770.813403361345,-2838.3844725738395,-5069.457130801688,-872.5714285714275,50.54679802955616,544.5566502463053
2025-10-30,60.82978723404244,-1319.0776470588235,-3121.7590336134454,-5306.766932773109,-1003.9108910891082,-103.10891089108918,540.5693069306926
2025-10-31,1549.5483870967741,4934.191046025106,-3140.6997890295356,-5106.49537815126,-1390.7000000000007,-334.72999999999956,453.8800000000001
2025-11-01,926.1052631578948,4985.298151260505,-3256.51474789916,-2319.116525423729,-2095.766169154229,-680.0,-359.686567164179
2025-11-02,-787.8571428571429,9070.404159663864,-3133.726075949367,-813.0361344537815,-1337.1542288557212,-250.4577114427857,-15.134328358208904
2025-11-04,669.1684210526316,8042.208734177216,-492.41180672268905,-5158.188227848102,-682.8514851485161,308.14851485148574,640.8613861386139
2025-11-06,-35.17021276595756,7794.552352941177,-3121.7590336134454,-5306.766932773109,-607.9108910891082,330.8910891089108,983.5693069306926
2025-11-07,794.5483870967741,5365.1410460251045,-3140.6997890295356,-5106.49537815126,-1215.7000000000007,-106.72999999999956,524.8800000000001
2025-11-12,-135.25263157894733,8505.436596638654,-2838.3844725738395,-5069.457130801688,-604.5714285714275,476.54679802955616,807.5566502463053
2025-11-13,1195.8297872340424,7141.9623529411765,1057.6109663865545,-5306.766932773109,-377.9108910891082,562.8910891089108,1156.5693069306926
2025-11-14,-1530.4516129032259,4564.1410460251045,3356.290210970464,-5106.49537815126,-1048.7000000000007,61.27000000000044,800.8800000000001
2025-11-15,50.1052631578948,5375.948151260504,3514.8652521008403,-2319.116525423729,-1906.766169154229,-519.0,-181.686567164179
2025-11-16,770.1428571428571,9632.634159663867,3263.0539240506328,-813.0361344537815,-1316.1542288557212,-361.4577114427857,77.8656716417911
2025-11-17,-511.7872340425531,8851.327991631799,1391.1018907563023,-4799.907383966245,-153.17326732673246,703.7524752475256,1163.6584158415844
2025-11-18,-965.8315789473684,8178.768734177215,657.988193277311,-5158.188227848102,-789.8514851485161,62.14851485148574,786.8613861386139
2025-11-19,225.74736842105267,8507.956596638654,3419.755527426161,-5069.457130801688,-174.57142857142753,738.5467980295562,1094.5566502463053
2025-11-20,-191.17021276595756,7880.262352941176,3664.580966386555,-5306.766932773109,-960.9108910891082,119.89108910891082,896.5693069306926
2025-11-21,1360.5483870967741,5569.551046025106,3546.6002109704646,-5106.49537815126,-3549.7000000000007,-2005.7299999999996,-115.11999999999989
2025-11-22,1122.1052631578948,4992.948151260504,3154.43525210084,-2319.116525423729,-2059.766169154229,-769.0,-176.686567164179
2025-11-23,718.1428571428571,9413.134159663867,3241.223924050633,-813.0361344537815,-1434.1542288557212,-560.4577114427857,-14.134328358208904
2025-11-24,-221.7872340425531,8965.177991631801,1273.2918907563023,-4799.907383966245,-1073.1732673267325,-187.24752475247442,538.6584158415844
2025-11-25,15.16842105263163,9311.448734177215,541.528193277311,-5158.188227848102,-1523.851485148516,-396.85148514851426,230.86138613861385
2025-11-26,-1281.2526315789473,8578.646596638657,3280.1255274261607,-5069.457130801688,-1103.5714285714275,41.54679802955616,788.5566502463053
2025-11-27,-1128.1702127659576,7998.482352941177,3482.6409663865543,-5306.766932773109,-1370.9108910891082,-433.1089108910892,509.5693069306926
2025-11-28,-367.45161290322585,5224.0210460251055,3247.5902109704643,-5106.49537815126,-1746.7000000000007,-531.7299999999996,395.8800000000001
2025-11-30,2273.142857142857,9331.804159663865,3171.5439240506334,-813.0361344537815,-1503.1542288557212,-605.4577114427857,25.865671641791096
2025-12-01,-522.7872340425531,8707.857991631798,1275.2018907563026,-4799.907383966245,-561.1732673267325,400.7524752475256,905.6584158415844
2025-12-02,1414.1684210526316,9235.268734177214,507.46819327731095,-5158.188227848102,-1012.8514851485161,52.14851485148574,779.8613861386139
2025-12-03,198.74736842105267,8741.296596638655,3410.5355274261606,-5069.457130801688,-765.5714285714275,258.54679802955616,943.5566502463053
2025-12-04,1319.8297872340424,8304.452352941176,3734.250966386555,-5306.766932773109,-810.9108910891082,262.8910891089108,856.5693069306926
2025-12-05,1147.5483870967741,5363.461046025106,3255.540210970464,-5106.49537815126,-959.7000000000007,87.27000000000044,948.8800000000001
2025-12-06,-822.8947368421052,4803.428151260505,3440.19525210084,-2319.116525423729,-2261.766169154229,-935.0,-177.686567164179
2025-12-07,-729.8571428571429,8570.344159663866,3366.9539240506333,-813.0361344537815,-1695.1542288557212,-687.4577114427857,-22.134328358208904
2025-12-08,259.2127659574469,8373.217991631798,1307.3918907563022,-4799.907383966245,-54.17326732673246,838.7524752475256,1200.6584158415844
2025-12-09,627.1684210526316,8367.078734177216,608.6581932773108,-5158.188227848102,-191.85148514851608,721.1485148514857,1135.8613861386139
2025-12-10,250.74736842105267,8239.286596638656,3510.385527426161,-5069.457130801688,-496.57142857142753,643.5467980295562,1283.5566502463053
2025-12-11,1686.8297872340424,8025.572352941177,3479.3909663865543,-5306.766932773109,-398.9108910891082,636.8910891089108,1284.5693069306926
2025-12-12,2054.548387096774,5493.781046025106,3303.580210970464,-5106.49537815126,-813.7000000000007,187.27000000000044,1216.88
2025-12-13,1116.1052631578948,4840.558151260505,3457.23525210084,-2319.116525423729,-2210.766169154229,-940.0,-84.686567164179
2025-12-14,1170.142857142857,8762.054159663865,3162.273924050633,-813.0361344537815,-1773.1542288557212,-747.4577114427857,80.8656716417911
2025-12-15,346.2127659574469,8173.0679916317995,1202.7118907563024,-4799.907383966245,298.82673267326754,1221.7524752475256,1638.6584158415844
2025-12-16,231.16842105263163,8246.608734177215,562.988193277311,-5158.188227848102,202.14851485148392,1200.1485148514857,1491.8613861386139
2025-12-17,-116.25263157894733,7758.406596638656,3362.5355274261606,-5069.457130801688,-161.57142857142753,852.5467980295562,1135.5566502463053
2025-12-18,748.8297872340424,8320.122352941176,3584.7809663865546,-5306.766932773109,-8995.910891089108,-6639.108910891089,-4372.430693069307
2025-12-19,-1417.4516129032259,6264.6410460251045,3162.6902109704647,-5106.49537815126,-2595.7000000000007,-1247.7299999999996,51.88000000000011
2025-12-20,-484.8947368421052,4906.738151260504,-753.0547478991598,-2319.116525423729,-2863.766169154229,-1383.0,-277.686567164179
2025-12-21,-1062.857142857143,9358.954159663866,2541.073924050633,-813.0361344537815,-1836.1542288557212,-762.4577114427857,26.865671641791096
2025-12-22,827.2127659574469,7888.9879916318,1232.0418907563023,-4799.907383966245,-315.17326732673246,624.7524752475256,1143.6584158415844
2025-12-23,-162.83157894736837,5990.078734177215,520.438193277311,-5158.188227848102,-1461.851485148516,-28.851485148514257,647.8613861386139
2025-12-24,466.74736842105267,5194.6665966386545,2301.51552742616,-5069.457130801688,-2416.5714285714275,-949.4532019704438,-385.44334975369475
2025-12-25,3149.8297872340427,6514.802352941177,3222.220966386554,-5306.766932773109,-9929.910891089108,-7496.108910891089,-5151.430693069307
2025-12-26,957.5483870967741,5081.691046025106,1880.870210970464,-5106.49537815126,-5656.700000000001,-3535.7299999999996,-1036.12
2025-12-27,-320.8947368421052,4486.778151260504,-2012.2647478991598,-2319.116525423729,-3696.766169154229,-2029.0,-370.686567164179
2025-12-28,-147.8571428571429,7396.794159663866,1598.2439240506333,-813.0361344537815,-2429.154228855721,-1154.4577114427857,-8.134328358208904
2025-12-29,1046.212765957447,8586.807991631798,836.5018907563024,-4799.907383966245,-1607.1732673267325,-348.2475247524744,743.6584158415844
2025-12-30,-936.8315789473684,5245.228734177216,480.6481932773109,-5158.188227848102,-1613.851485148516,-357.85148514851426,835.8613861386139
2025-12-31,-264.25263157894733,911.1765966386556,2971.6955274261604,-5069.457130801688,-1960.5714285714275,-631.4532019704438,721.5566502463053
